image_id,target
cell_8398,0
cell_640,0
cell_927,0
cell_6408,0
cell_5308,0
cell_9086,0
cell_2646,0
cell_5432,0
cell_6960,0
cell_9446,0
cell_3478,0
cell_11224,3
cell_9938,0
cell_2519,0
cell_12174,3
cell_7354,0
cell_8425,0
cell_10103,0
cell_5434,0
cell_1515,0
cell_1703,0
cell_8273,0
cell_8789,0
cell_6951,0
cell_5254,0
cell_185,0
cell_9209,0
cell_8296,0
cell_7338,0
cell_9830,0
cell_10,0
cell_8532,0
cell_4328,0
cell_6908,0
cell_11104,3
cell_7807,0
cell_5647,0
cell_1865,0
cell_10770,1
cell_9551,0
cell_322,0
cell_986,0
cell_3530,0
cell_1502,0
cell_3149,0
cell_6069,0
cell_8626,0
cell_8227,0
cell_7558,0
cell_3104,0
cell_8072,0
cell_5454,0
cell_9397,0
cell_10836,3
cell_4311,0
cell_2428,0
cell_10231,3
cell_3395,0
cell_9770,0
cell_6999,0
cell_2284,0
cell_539,0
cell_9253,0
cell_615,0
cell_6366,0
cell_8164,0
cell_1435,0
cell_1460,0
cell_9200,0
cell_5108,0
cell_9990,0
cell_182,0
cell_3365,0
cell_6833,0
cell_3136,0
cell_6114,0
cell_5562,0
cell_10249,1
cell_1847,0
cell_965,0
cell_7126,0
cell_3304,0
cell_4686,0
cell_1655,0
cell_128,0
cell_10092,0
cell_8824,0
cell_1003,0
cell_6850,0
cell_7488,0
cell_9818,0
cell_7281,0
cell_11172,3
cell_8785,0
cell_1999,0
cell_8746,0
cell_9221,0
cell_10534,3
cell_1614,3
cell_6667,0
cell_5539,0
cell_852,0
cell_10635,2
cell_3289,0
cell_3783,0
cell_275,0
cell_10061,0
cell_7271,0
cell_3877,0
cell_5192,0
cell_12173,3
cell_3512,0
cell_6664,0
cell_1637,0
cell_1657,0
cell_8627,0
cell_627,0
cell_3922,0
cell_11121,2
cell_7203,0
cell_4297,0
cell_7323,0
cell_8792,0
cell_6612,0
cell_6262,0
cell_1251,0
cell_5411,0
cell_10606,1
cell_4848,0
cell_11627,3
cell_8170,0
cell_10255,2
cell_7284,0
cell_11563,3
cell_10738,3
cell_11328,3
cell_7752,0
cell_6902,0
cell_508,0
cell_2053,0
cell_6966,0
cell_7951,0
cell_9238,0
cell_9992,0
cell_2757,0
cell_7826,0
cell_6977,0
cell_6479,0
cell_1722,0
cell_4016,0
cell_860,0
cell_3422,0
cell_11082,3
cell_7657,0
cell_6019,0
cell_190,0
cell_2241,0
cell_10305,3
cell_9010,0
cell_4874,0
cell_9810,0
cell_1301,0
cell_3577,0
cell_1880,0
cell_5806,0
cell_2005,0
cell_11673,2
cell_837,0
cell_8423,0
cell_6654,0
cell_12075,1
cell_4188,0
cell_3094,0
cell_1690,0
cell_3997,0
cell_358,0
cell_3717,0
cell_11523,3
cell_7749,0
cell_372,0
cell_3150,0
cell_10290,2
cell_2406,0
cell_4087,0
cell_10669,1
cell_2259,0
cell_6596,0
cell_11826,3
cell_7500,0
cell_368,0
cell_6480,0
cell_7775,3
cell_9243,0
cell_410,0
cell_850,0
cell_11713,3
cell_691,0
cell_2691,0
cell_121,0
cell_2750,0
cell_10435,3
cell_7927,0
cell_4596,0
cell_11714,3
cell_11846,3
cell_10221,1
cell_3531,0
cell_3492,0
cell_4709,0
cell_9657,0
cell_10429,1
cell_12128,3
cell_3343,0
cell_5471,0
cell_9755,0
cell_4159,0
cell_9856,0
cell_12254,3
cell_1896,0
cell_3228,0
cell_370,0
cell_3709,0
cell_4517,0
cell_11857,1
cell_9544,0
cell_8899,0
cell_9569,3
cell_10966,3
cell_106,0
cell_9627,0
cell_10666,3
cell_3278,0
cell_9352,0
cell_11074,2
cell_8992,0
cell_11575,3
cell_10731,3
cell_365,0
cell_10957,3
cell_5759,0
cell_6159,0
cell_9545,0
cell_6504,0
cell_12198,1
cell_7803,0
cell_1437,0
cell_619,0
cell_4300,0
cell_6765,0
cell_2242,0
cell_5189,0
cell_3792,0
cell_8236,0
cell_3323,0
cell_681,0
cell_4056,0
cell_11942,3
cell_236,0
cell_10799,3
cell_4197,0
cell_8575,0
cell_9972,0
cell_5018,0
cell_12134,1
cell_6156,0
cell_8727,0
cell_5963,0
cell_5044,0
cell_8344,0
cell_7720,0
cell_4889,0
cell_1609,0
cell_6797,0
cell_53,0
cell_1726,0
cell_6420,0
cell_3515,0
cell_6779,0
cell_1817,0
cell_6444,0
cell_1572,0
cell_10437,3
cell_9382,0
cell_139,0
cell_4960,0
cell_1487,0
cell_8561,0
cell_3436,0
cell_6580,0
cell_5068,0
cell_6450,0
cell_1026,0
cell_10926,3
cell_1354,0
cell_6811,1
cell_11048,1
cell_742,0
cell_10985,3
cell_11827,3
cell_3419,0
cell_9008,0
cell_7237,0
cell_6290,0
cell_7469,0
cell_8895,0
cell_12271,1
cell_11247,3
cell_3649,0
cell_8084,0
cell_5789,0
cell_207,0
cell_7063,0
cell_2027,0
cell_9064,0
cell_590,0
cell_555,0
cell_10370,2
cell_9373,0
cell_1294,0
cell_2789,0
cell_6794,0
cell_522,0
cell_6988,0
cell_10097,0
cell_11067,1
cell_11670,3
cell_2266,0
cell_8940,0
cell_5967,0
cell_9893,0
cell_10898,1
cell_10681,1
cell_10387,1
cell_2521,0
cell_5711,0
cell_8283,0
cell_5950,0
cell_3927,0
cell_2770,0
cell_10185,0
cell_3827,0
cell_9141,0
cell_6078,0
cell_7267,0
cell_12056,1
cell_11920,1
cell_8093,0
cell_3486,0
cell_1659,0
cell_11139,3
cell_11184,3
cell_7419,0
cell_2662,0
cell_11173,3
cell_6542,0
cell_7141,0
cell_817,0
cell_4902,0
cell_657,3
cell_9539,0
cell_9271,0
cell_8288,0
cell_7414,0
cell_8956,0
cell_6123,0
cell_7306,0
cell_5165,0
cell_8555,0
cell_5554,0
cell_1902,0
cell_11377,3
cell_8235,0
cell_11217,3
cell_1169,0
cell_6637,0
cell_6464,0
cell_9642,0
cell_6427,0
cell_5544,0
cell_9969,0
cell_8378,0
cell_9835,0
cell_11011,3
cell_8530,0
cell_4753,0
cell_2510,0
cell_12126,3
cell_9119,0
cell_10884,2
cell_9520,0
cell_2596,0
cell_10760,3
cell_3261,0
cell_1671,0
cell_4702,0
cell_8310,0
cell_4011,0
cell_9473,0
cell_11071,1
cell_10486,1
cell_2098,0
cell_723,0
cell_9578,0
cell_7029,0
cell_4406,0
cell_5510,0
cell_1617,0
cell_2347,0
cell_7866,0
cell_1615,0
cell_10083,0
cell_4349,0
cell_647,0
cell_6778,0
cell_11116,3
cell_11308,3
cell_215,0
cell_1068,0
cell_7487,0
cell_7279,3
cell_1938,0
cell_2855,0
cell_10894,1
cell_10757,3
cell_6772,0
cell_6816,0
cell_11773,3
cell_5581,0
cell_9037,0
cell_8890,0
cell_5652,0
cell_10650,3
cell_7195,0
cell_8902,0
cell_3263,0
cell_7130,0
cell_1710,0
cell_2845,0
cell_6421,0
cell_2808,0
cell_6238,0
cell_4720,0
cell_9561,0
cell_12051,3
cell_10933,3
cell_10983,3
cell_7038,0
cell_9660,0
cell_4271,0
cell_10982,3
cell_11771,3
cell_10890,3
cell_10074,0
cell_9489,0
cell_749,0
cell_1890,0
cell_5852,0
cell_3755,0
cell_2497,0
cell_12066,3
cell_1963,0
cell_11861,3
cell_10915,3
cell_3801,1
cell_7958,0
cell_8118,0
cell_7839,0
cell_10877,2
cell_9554,0
cell_8515,0
cell_5561,0
cell_5985,0
cell_2128,0
cell_7009,0
cell_2680,0
cell_5290,0
cell_5216,0
cell_8912,0
cell_5515,0
cell_11690,3
cell_4061,0
cell_7921,0
cell_8339,0
cell_7934,0
cell_5488,0
cell_10268,3
cell_1985,0
cell_7656,0
cell_5311,0
cell_9800,0
cell_3414,0
cell_6073,2
cell_484,0
cell_1893,0
cell_3782,0
cell_5066,0
cell_6195,0
cell_1199,0
cell_2400,0
cell_5513,0
cell_6661,0
cell_7790,0
cell_6495,0
cell_4401,0
cell_5135,0
cell_5683,0
cell_2644,0
cell_4296,0
cell_8144,0
cell_10605,1
cell_10053,0
cell_5368,0
cell_5791,0
cell_4245,0
cell_11622,3
cell_9891,0
cell_10633,3
cell_10383,2
cell_367,0
cell_1483,0
cell_10084,0
cell_3210,0
cell_12023,2
cell_6121,0
cell_5753,0
cell_9172,0
cell_8571,3
cell_1914,0
cell_11733,3
cell_6723,0
cell_8360,0
cell_6465,0
cell_9521,0
cell_12020,3
cell_9409,0
cell_10568,3
cell_3985,0
cell_8221,0
cell_10693,3
cell_10057,0
cell_2639,0
cell_935,0
cell_2655,0
cell_9772,0
cell_10199,0
cell_7411,0
cell_2480,0
cell_565,0
cell_9015,0
cell_993,0
cell_4745,0
cell_9567,0
cell_8604,0
cell_8817,0
cell_10499,3
cell_11992,3
cell_2163,0
cell_7942,0
cell_6511,0
cell_11600,3
cell_9012,0
cell_9307,0
cell_2587,0
cell_8665,0
cell_10597,3
cell_10147,0
cell_8249,0
cell_4804,0
cell_6957,0
cell_7635,0
cell_8040,0
cell_11257,3
cell_1040,0
cell_8622,0
cell_12025,3
cell_2566,0
cell_4696,0
cell_6883,0
cell_7647,0
cell_2657,0
cell_5626,0
cell_7549,0
cell_8330,0
cell_10753,3
cell_4469,0
cell_10056,0
cell_7201,0
cell_3704,0
cell_1778,0
cell_10024,0
cell_11902,3
cell_2546,0
cell_2236,0
cell_11782,3
cell_9901,0
cell_3575,0
cell_3046,0
cell_10258,3
cell_9305,0
cell_2122,0
cell_2390,0
cell_3516,0
cell_8896,0
cell_1686,0
cell_10374,3
cell_3007,0
cell_5476,0
cell_9430,0
cell_9328,0
cell_9125,0
cell_11120,2
cell_7249,0
cell_7224,0
cell_2276,0
cell_2450,0
cell_831,0
cell_4933,0
cell_6936,0
cell_11065,3
cell_7415,0
cell_6103,0
cell_11448,3
cell_6099,0
cell_538,0
cell_1302,0
cell_11198,3
cell_9840,0
cell_9173,0
cell_312,0
cell_3838,0
cell_6676,0
cell_10190,0
cell_5090,0
cell_6295,0
cell_4294,0
cell_11271,3
cell_6799,0
cell_5897,0
cell_868,0
cell_804,0
cell_7508,0
cell_8098,0
cell_3701,0
cell_5586,0
cell_7242,0
cell_3707,0
cell_4346,0
cell_1117,0
cell_8619,0
cell_5267,0
cell_2983,0
cell_5324,0
cell_1704,0
cell_2858,0
cell_11337,1
cell_6415,0
cell_8384,0
cell_3356,0
cell_487,0
cell_234,0
cell_656,3
cell_4319,0
cell_6820,0
cell_7477,0
cell_11061,3
cell_11626,3
cell_567,0
cell_10436,3
cell_7887,0
cell_6603,0
cell_10123,0
cell_10790,3
cell_4012,0
cell_3612,0
cell_1473,0
cell_7879,0
cell_4505,0
cell_477,0
cell_1727,0
cell_8803,0
cell_216,0
cell_3293,0
cell_871,0
cell_11263,3
cell_8834,0
cell_6412,0
cell_9476,0
cell_2633,0
cell_6232,0
cell_15,0
cell_11103,2
cell_2674,0
cell_4457,0
cell_8550,0
cell_9333,0
cell_578,0
cell_4565,0
cell_2085,0
cell_5867,0
cell_1012,0
cell_6604,0
cell_2628,0
cell_2562,0
cell_8945,0
cell_12059,3
cell_7786,0
cell_8452,1
cell_7217,0
cell_7482,0
cell_8108,0
cell_5381,0
cell_4042,0
cell_3219,0
cell_6411,0
cell_5398,0
cell_5385,0
cell_5255,0
cell_3699,0
cell_7193,0
cell_11801,3
cell_6547,0
cell_7840,0
cell_2351,0
cell_3230,1
cell_3724,0
cell_10793,3
cell_4158,0
cell_10519,1
cell_298,0
cell_7230,0
cell_8091,0
cell_1925,0
cell_60,0
cell_2604,0
cell_1734,0
cell_1898,0
cell_9662,0
cell_5045,0
cell_12118,1
cell_11911,2
cell_1876,0
cell_4780,0
cell_4147,0
cell_8189,0
cell_9701,0
cell_3857,0
cell_6631,0
cell_10450,2
cell_5362,2
cell_4119,0
cell_7437,0
cell_5342,0
cell_1101,0
cell_5485,0
cell_9832,0
cell_7810,0
cell_11038,1
cell_9549,0
cell_158,0
cell_7,0
cell_6506,0
cell_11512,3
cell_3159,0
cell_4582,0
cell_6318,0
cell_10535,3
cell_10264,2
cell_5029,0
cell_4041,0
cell_1837,0
cell_5634,0
cell_2032,0
cell_4458,0
cell_6009,0
cell_161,0
cell_4761,0
cell_5017,0
cell_10775,3
cell_11640,3
cell_8920,0
cell_12169,3
cell_1378,0
cell_6025,0
cell_2158,0
cell_6298,0
cell_11213,3
cell_8934,0
cell_7424,0
cell_12105,1
cell_875,0
cell_11231,1
cell_6360,0
cell_356,0
cell_8828,0
cell_8284,0
cell_8008,0
cell_7968,0
cell_1725,0
cell_4793,0
cell_4718,0
cell_1359,0
cell_1851,0
cell_10252,1
cell_7493,0
cell_6424,0
cell_8231,0
cell_1921,0
cell_6879,0
cell_7646,0
cell_1748,0
cell_3032,0
cell_4852,0
cell_8129,0
cell_2767,0
cell_3710,0
cell_1625,0
cell_10501,3
cell_9480,0
cell_8815,0
cell_598,0
cell_7633,0
cell_4071,0
cell_4787,0
cell_11474,3
cell_8982,0
cell_636,0
cell_3936,0
cell_10424,3
cell_10972,3
cell_6129,0
cell_8994,0
cell_5605,0
cell_2786,0
cell_2210,0
cell_4333,0
cell_11154,3
cell_1264,0
cell_6502,0
cell_468,0
cell_4922,0
cell_7552,0
cell_5798,0
cell_8552,0
cell_6075,0
cell_7342,0
cell_10098,0
cell_4376,0
cell_6998,0
cell_5000,0
cell_4880,0
cell_6053,0
cell_2325,0
cell_5699,0
cell_8156,0
cell_10504,3
cell_1142,0
cell_8690,0
cell_8971,0
cell_7321,0
cell_11327,3
cell_9968,0
cell_1015,0
cell_2402,0
cell_3620,0
cell_9314,0
cell_7343,0
cell_546,0
cell_1623,0
cell_6134,0
cell_2280,0
cell_8463,0
cell_2365,0
cell_4976,0
cell_7984,0
cell_2186,0
cell_26,0
cell_5152,0
cell_8821,0
cell_43,0
cell_11148,1
cell_11185,1
cell_10389,3
cell_9730,0
cell_9371,0
cell_8770,0
cell_2955,0
cell_2544,0
cell_1267,0
cell_3225,0
cell_4423,0
cell_8616,0
cell_3795,0
cell_7727,0
cell_4894,0
cell_11950,3
cell_5073,0
cell_7546,0
cell_3244,0
cell_9346,0
cell_8715,0
cell_5756,0
cell_81,0
cell_5744,0
cell_9092,0
cell_5182,0
cell_3518,0
cell_6677,0
cell_2165,0
cell_2065,0
cell_11276,3
cell_2339,0
cell_11026,3
cell_12241,1
cell_330,0
cell_8649,0
cell_3713,0
cell_11429,2
cell_11466,3
cell_618,0
cell_7545,0
cell_4410,0
cell_4947,0
cell_11799,3
cell_6522,3
cell_2581,0
cell_1402,0
cell_4603,0
cell_2569,0
cell_6989,0
cell_5501,0
cell_5173,0
cell_3005,0
cell_7471,0
cell_1056,0
cell_1678,0
cell_7990,0
cell_10110,0
cell_3630,0
cell_3959,0
cell_7380,0
cell_8404,0
cell_7455,0
cell_1746,0
cell_4988,0
cell_11262,3
cell_942,0
cell_7088,0
cell_711,0
cell_6804,0
cell_3367,0
cell_5932,0
cell_543,0
cell_9289,0
cell_4525,0
cell_2340,0
cell_2427,0
cell_10907,3
cell_12097,3
cell_1186,0
cell_9649,0
cell_7352,0
cell_7234,0
cell_11245,3
cell_3126,0
cell_12120,1
cell_7651,0
cell_8051,0
cell_496,0
cell_6120,0
cell_910,3
cell_6484,0
cell_3751,0
cell_1841,0
cell_7075,0
cell_2622,0
cell_2689,0
cell_633,0
cell_6364,0
cell_11954,3
cell_5792,0
cell_12218,1
cell_11897,3
cell_11397,3
cell_11188,3
cell_7845,0
cell_2398,0
cell_4756,0
cell_1120,0
cell_10304,3
cell_10447,3
cell_9997,0
cell_6885,0
cell_5299,0
cell_8737,0
cell_9857,0
cell_1165,0
cell_10899,1
cell_4671,0
cell_11533,3
cell_5606,0
cell_9537,0
cell_326,0
cell_1275,0
cell_1464,0
cell_10073,0
cell_3553,0
cell_7792,0
cell_7385,0
cell_4643,0
cell_2761,0
cell_11958,1
cell_1529,0
cell_6971,0
cell_3770,0
cell_5527,0
cell_1318,0
cell_4969,1
cell_8459,0
cell_1172,0
cell_8411,0
cell_5689,0
cell_313,0
cell_6211,0
cell_8583,0
cell_5951,0
cell_11583,3
cell_2623,0
cell_1226,0
cell_5028,0
cell_2099,0
cell_9315,0
cell_6990,0
cell_1078,0
cell_6996,0
cell_10743,3
cell_11353,3
cell_1295,0
cell_10267,3
cell_191,0
cell_3996,0
cell_1573,3
cell_6904,0
cell_1116,0
cell_11459,3
cell_34,0
cell_3008,0
cell_8342,0
cell_7226,0
cell_7208,0
cell_1227,0
cell_10679,3
cell_136,0
cell_11114,3
cell_444,0
cell_9247,0
cell_11287,3
cell_416,0
cell_197,0
cell_3310,0
cell_9534,0
cell_3617,0
cell_9117,0
cell_8171,0
cell_2417,0
cell_763,0
cell_10609,3
cell_4093,0
cell_6782,0
cell_3641,0
cell_10820,3
cell_11145,3
cell_1807,0
cell_11608,3
cell_4040,0
cell_10567,3
cell_7425,0
cell_2829,0
cell_4006,0
cell_11910,3
cell_10815,3
cell_6113,0
cell_2710,0
cell_6909,0
cell_10145,0
cell_3068,0
cell_2878,0
cell_3816,0
cell_318,0
cell_1327,0
cell_1767,0
cell_9590,0
cell_1930,0
cell_2799,0
cell_7397,0
cell_1019,0
cell_2660,0
cell_2528,0
cell_9636,0
cell_1646,0
cell_2244,0
cell_3723,0
cell_2763,0
cell_2743,3
cell_2357,0
cell_7019,0
cell_4187,0
cell_1578,0
cell_6818,0
cell_6422,0
cell_7202,0
cell_8243,0
cell_11369,3
cell_9237,0
cell_9542,0
cell_2029,0
cell_6130,0
cell_5885,0
cell_8984,3
cell_7074,0
cell_6950,0
cell_9643,0
cell_1592,0
cell_3549,0
cell_2943,0
cell_9705,0
cell_5347,3
cell_697,0
cell_587,0
cell_10613,1
cell_3587,0
cell_1783,0
cell_5980,0
cell_9034,0
cell_11936,1
cell_5234,0
cell_3472,0
cell_11094,3
cell_3522,0
cell_69,0
cell_8382,0
cell_3769,0
cell_13,0
cell_6274,0
cell_11138,1
cell_11858,3
cell_6493,0
cell_12210,1
cell_1081,0
cell_4143,0
cell_9862,0
cell_6685,0
cell_12096,3
cell_4134,0
cell_11107,3
cell_2170,0
cell_1398,0
cell_3227,0
cell_3943,0
cell_2715,0
cell_11664,1
cell_4151,0
cell_5051,0
cell_652,0
cell_8082,0
cell_2066,0
cell_8511,0
cell_9700,0
cell_5464,0
cell_1049,0
cell_2403,0
cell_6590,0
cell_12217,1
cell_10452,3
cell_6026,0
cell_5344,0
cell_2944,0
cell_898,0
cell_552,0
cell_5777,0
cell_1445,0
cell_5078,0
cell_8053,0
cell_4395,0
cell_8805,0
cell_5692,0
cell_9995,0
cell_3759,0
cell_3245,0
cell_2299,0
cell_9546,0
cell_11949,3
cell_2941,0
cell_9149,0
cell_9343,0
cell_766,0
cell_6370,0
cell_11127,3
cell_5281,0
cell_11428,3
cell_6463,0
cell_3656,0
cell_7076,0
cell_3127,0
cell_9049,0
cell_7302,0
cell_10380,1
cell_12050,3
cell_6823,0
cell_8475,0
cell_9858,0
cell_5303,0
cell_4394,0
cell_6054,0
cell_9927,0
cell_5239,0
cell_9797,0
cell_6575,0
cell_752,0
cell_4542,0
cell_4964,0
cell_5425,0
cell_9658,0
cell_10439,3
cell_11810,3
cell_3526,0
cell_9276,0
cell_6609,0
cell_7310,0
cell_11382,3
cell_3331,0
cell_912,0
cell_285,0
cell_8880,0
cell_3665,0
cell_2368,0
cell_10803,1
cell_6174,0
cell_10791,2
cell_3052,0
cell_8882,0
cell_731,0
cell_8948,0
cell_4443,0
cell_1444,0
cell_9406,0
cell_540,0
cell_10858,1
cell_9461,0
cell_6011,0
cell_7052,0
cell_4748,0
cell_4092,0
cell_10975,3
cell_8865,0
cell_2106,0
cell_2394,0
cell_785,0
cell_6887,0
cell_5450,0
cell_7322,0
cell_7010,0
cell_11999,3
cell_5363,0
cell_10200,0
cell_6842,0
cell_12288,3
cell_9868,3
cell_7573,0
cell_8460,0
cell_11064,3
cell_3692,0
cell_11759,3
cell_1606,0
cell_5012,0
cell_303,3
cell_3091,0
cell_9439,0
cell_6118,0
cell_12287,1
cell_8183,0
cell_2910,0
cell_4226,0
cell_7730,0
cell_9344,0
cell_6991,0
cell_7159,0
cell_3520,0
cell_9512,0
cell_1383,0
cell_2223,3
cell_5978,0
cell_8976,0
cell_4279,0
cell_5326,0
cell_3967,0
cell_4612,0
cell_6686,0
cell_7376,0
cell_6287,0
cell_6296,0
cell_5196,0
cell_6455,0
cell_2152,0
cell_3468,0
cell_10142,0
cell_11959,2
cell_1533,0
cell_6485,0
cell_5732,0
cell_9479,0
cell_8704,0
cell_2167,0
cell_10456,3
cell_9621,0
cell_12093,1
cell_8843,0
cell_10771,1
cell_5655,0
cell_10610,3
cell_3440,0
cell_7806,0
cell_6757,0
cell_4556,0
cell_4065,0
cell_9089,0
cell_3341,0
cell_3434,0
cell_1882,0
cell_286,0
cell_6468,0
cell_2436,0
cell_2712,0
cell_33,0
cell_10391,3
cell_12249,3
cell_10839,1
cell_9793,0
cell_4234,0
cell_1192,0
cell_11017,1
cell_2362,0
cell_2127,0
cell_1397,0
cell_471,0
cell_1315,0
cell_7360,0
cell_5186,0
cell_1616,0
cell_2856,0
cell_6848,0
cell_6693,0
cell_1459,0
cell_8812,0
cell_2389,0
cell_3131,0
cell_2235,0
cell_1857,0
cell_6189,1
cell_1092,3
cell_11807,3
cell_3165,0
cell_9681,0
cell_5042,0
cell_5132,0
cell_596,3
cell_4666,0
cell_9097,0
cell_10027,0
cell_7258,0
cell_7297,0
cell_7914,0
cell_6473,0
cell_2564,0
cell_6267,0
cell_9080,0
cell_11731,3
cell_2452,0
cell_7696,0
cell_8194,0
cell_1642,0
cell_4759,0
cell_2190,0
cell_10923,3
cell_247,0
cell_4113,0
cell_8039,0
cell_12157,1
cell_5928,0
cell_9764,0
cell_8814,0
cell_3990,0
cell_2257,0
cell_8000,0
cell_5636,0
cell_1948,0
cell_10119,0
cell_4495,0
cell_8936,0
cell_7139,0
cell_1842,0
cell_8810,0
cell_12060,3
cell_659,0
cell_5961,0
cell_12160,3
cell_5803,0
cell_6854,0
cell_5140,0
cell_8031,0
cell_10706,1
cell_7022,0
cell_10754,1
cell_2286,0
cell_1699,0
cell_8073,0
cell_8797,0
cell_9716,0
cell_8885,0
cell_8917,0
cell_8052,0
cell_4531,0
cell_7182,0
cell_4126,0
cell_9331,0
cell_702,0
cell_4552,0
cell_6695,0
cell_11693,3
cell_8294,0
cell_5619,0
cell_4679,0
cell_2678,0
cell_8478,0
cell_18,0
cell_5779,0
cell_4485,0
cell_5032,0
cell_1471,0
cell_4359,0
cell_10472,3
cell_8422,0
cell_1446,0
cell_5836,0
cell_10425,2
cell_4979,0
cell_3622,0
cell_11003,1
cell_259,0
cell_9176,0
cell_8891,0
cell_1107,0
cell_8442,0
cell_4015,0
cell_4332,0
cell_359,0
cell_103,0
cell_737,0
cell_3896,0
cell_9266,0
cell_3735,1
cell_11433,3
cell_2670,0
cell_6665,0
cell_8692,0
cell_11486,1
cell_12231,1
cell_5366,0
cell_1159,0
cell_7429,0
cell_5785,0
cell_6648,0
cell_7269,0
cell_6309,0
cell_9669,0
cell_5975,0
cell_8748,0
cell_4169,0
cell_6738,3
cell_7544,0
cell_3941,0
cell_7474,0
cell_4275,0
cell_7012,0
cell_11678,3
cell_2463,0
cell_2057,2
cell_1861,0
cell_8675,0
cell_8062,0
cell_11096,2
cell_10226,1
cell_4614,0
cell_1750,0
cell_10550,1
cell_5111,0
cell_11502,3
cell_8420,0
cell_8079,0
cell_4981,0
cell_2938,0
cell_11463,3
cell_7847,0
cell_2310,0
cell_3601,0
cell_4905,0
cell_5484,0
cell_1672,0
cell_1800,0
cell_10827,1
cell_6694,0
cell_3812,0
cell_7884,0
cell_1238,0
cell_3209,0
cell_1683,0
cell_3919,0
cell_2586,0
cell_11728,3
cell_2341,0
cell_3394,0
cell_3517,0
cell_9170,0
cell_5046,0
cell_4149,0
cell_7417,0
cell_1127,0
cell_3201,0
cell_11576,3
cell_6755,0
cell_9814,0
cell_5353,0
cell_6273,0
cell_415,0
cell_4163,0
cell_4152,0
cell_5407,0
cell_4537,0
cell_8143,0
cell_8876,0
cell_1932,0
cell_5212,0
cell_8615,0
cell_6579,0
cell_853,0
cell_12163,3
cell_486,0
cell_2937,0
cell_6179,0
cell_10578,3
cell_10910,3
cell_11402,3
cell_5436,0
cell_7277,0
cell_304,3
cell_4785,0
cell_9197,0
cell_8266,0
cell_11193,3
cell_591,0
cell_11726,3
cell_8488,0
cell_4224,0
cell_9977,0
cell_2568,0
cell_3609,0
cell_9702,0
cell_1265,0
cell_9945,0
cell_10327,3
cell_3833,0
cell_1553,0
cell_11214,1
cell_6572,0
cell_27,0
cell_5262,3
cell_2982,0
cell_5810,0
cell_5840,0
cell_7160,0
cell_8327,0
cell_3942,0
cell_8643,0
cell_4260,0
cell_736,0
cell_7828,0
cell_7878,0
cell_11617,3
cell_812,0
cell_9615,0
cell_10289,2
cell_2373,0
cell_9470,0
cell_3894,0
cell_9279,0
cell_5509,0
cell_3505,0
cell_6965,0
cell_8381,0
cell_12240,1
cell_2495,0
cell_200,0
cell_8964,0
cell_4633,0
cell_6793,0
cell_389,0
cell_8450,0
cell_8661,0
cell_3566,0
cell_4561,0
cell_11724,3
cell_5948,0
cell_8983,0
cell_2218,0
cell_7970,0
cell_11252,1
cell_6571,0
cell_9954,0
cell_5994,3
cell_9368,0
cell_1509,0
cell_8056,0
cell_11425,3
cell_10663,3
cell_8788,0
cell_6470,0
cell_6301,0
cell_7527,0
cell_2972,0
cell_5766,0
cell_8645,0
cell_11788,3
cell_5248,0
cell_8394,0
cell_575,0
cell_6995,0
cell_2839,0
cell_282,0
cell_8742,0
cell_3466,0
cell_11163,3
cell_5986,0
cell_5309,0
cell_3544,0
cell_3547,0
cell_2907,0
cell_6958,1
cell_12035,1
cell_8326,0
cell_5391,0
cell_3358,0
cell_4544,0
cell_7483,0
cell_10369,1
cell_6311,0
cell_3117,0
cell_2900,0
cell_4950,0
cell_11573,1
cell_2875,0
cell_3562,0
cell_7834,0
cell_11021,3
cell_4669,0
cell_10796,3
cell_6519,0
cell_11884,3
cell_5229,0
cell_7755,3
cell_9921,0
cell_3169,0
cell_1612,3
cell_4353,0
cell_5355,0
cell_8932,0
cell_9070,0
cell_2894,0
cell_4535,0
cell_6371,0
cell_11403,3
cell_1029,0
cell_11059,3
cell_8730,0
cell_4471,0
cell_517,0
cell_2239,0
cell_11785,3
cell_7776,0
cell_7530,0
cell_11732,3
cell_7606,0
cell_3155,0
cell_1512,0
cell_2749,0
cell_1740,0
cell_4039,0
cell_2320,0
cell_3133,0
cell_499,0
cell_12246,1
cell_4107,0
cell_5811,0
cell_12253,2
cell_2942,0
cell_5166,0
cell_1813,0
cell_1102,0
cell_4472,0
cell_3377,0
cell_4695,0
cell_3370,0
cell_10502,3
cell_6742,0
cell_2526,0
cell_10664,3
cell_3725,0
cell_6385,0
cell_12289,3
cell_1225,0
cell_9756,0
cell_906,0
cell_11592,3
cell_5632,0
cell_3381,0
cell_2895,0
cell_4997,0
cell_5346,0
cell_11206,2
cell_10120,0
cell_3608,0
cell_10582,2
cell_2971,0
cell_6454,0
cell_7111,0
cell_3483,0
cell_1242,0
cell_1915,2
cell_9205,0
cell_3957,0
cell_2696,0
cell_12005,3
cell_4843,0
cell_4337,0
cell_1575,0
cell_5602,0
cell_3666,0
cell_1194,0
cell_11671,3
cell_10662,3
cell_10354,3
cell_9655,0
cell_9740,0
cell_3198,0
cell_8988,0
cell_9777,0
cell_10448,1
cell_3627,0
cell_2999,0
cell_8336,0
cell_5901,0
cell_5730,0
cell_469,0
cell_823,0
cell_709,0
cell_7773,3
cell_9993,0
cell_249,0
cell_6489,0
cell_9246,0
cell_6893,1
cell_12229,1
cell_11703,1
cell_663,0
cell_11250,3
cell_8657,0
cell_10954,2
cell_2571,0
cell_7164,0
cell_11520,3
cell_12136,3
cell_10569,3
cell_1874,0
cell_8268,0
cell_5853,0
cell_8633,0
cell_8436,0
cell_5134,0
cell_10239,3
cell_639,0
cell_2261,0
cell_1416,0
cell_5480,0
cell_11653,3
cell_9252,0
cell_10412,3
cell_7754,0
cell_10826,1
cell_3345,0
cell_2771,0
cell_9203,0
cell_758,0
cell_9112,0
cell_5709,0
cell_7852,0
cell_756,0
cell_8703,0
cell_9311,0
cell_3072,0
cell_9697,0
cell_9500,0
cell_9987,0
cell_4974,0
cell_8408,0
cell_4291,0
cell_8662,0
cell_1387,0
cell_7642,0
cell_5534,0
cell_11709,3
cell_4747,0
cell_7430,0
cell_107,0
cell_9101,0
cell_4674,0
cell_2664,0
cell_2336,0
cell_1237,0
cell_10068,0
cell_7872,0
cell_7800,0
cell_6600,0
cell_8589,0
cell_6382,0
cell_7897,0
cell_7013,0
cell_11842,3
cell_5529,0
cell_8016,0
cell_10897,2
cell_2603,0
cell_6116,0
cell_704,0
cell_6259,2
cell_1787,0
cell_1368,0
cell_5442,0
cell_1321,0
cell_206,0
cell_3598,0
cell_10477,1
cell_744,0
cell_2625,0
cell_2475,0
cell_3839,0
cell_5747,0
cell_3621,0
cell_7904,0
cell_1903,0
cell_4156,0
cell_9075,0
cell_6870,0
cell_7735,0
cell_6932,0
cell_8168,0
cell_11891,1
cell_10196,0
cell_2253,0
cell_6830,0
cell_5389,0
cell_4990,0
cell_4259,0
cell_10206,0
cell_10780,3
cell_5279,0
cell_9659,0
cell_11740,3
cell_5684,0
cell_9679,0
cell_12158,3
cell_5294,0
cell_4326,0
cell_7517,0
cell_1129,0
cell_11552,3
cell_8793,0
cell_7812,0
cell_10905,3
cell_4418,0
cell_10245,3
cell_9482,0
cell_6865,0
cell_9946,0
cell_7330,0
cell_4765,0
cell_8275,0
cell_2438,0
cell_9788,0
cell_10865,1
cell_4528,0
cell_4782,0
cell_11694,3
cell_7741,0
cell_241,0
cell_8047,0
cell_6006,0
cell_3776,0
cell_10070,0
cell_3588,0
cell_11555,2
cell_11267,2
cell_5496,0
cell_6796,0
cell_10895,1
cell_448,0
cell_1744,0
cell_6897,0
cell_6503,0
cell_1094,3
cell_994,0
cell_2030,0
cell_7113,0
cell_3539,0
cell_8014,0
cell_5600,0
cell_9870,0
cell_12140,3
cell_8346,0
cell_328,0
cell_439,0
cell_3625,0
cell_11352,3
cell_6307,0
cell_12209,3
cell_11063,3
cell_11023,3
cell_9729,0
cell_1071,0
cell_8548,0
cell_11437,3
cell_10718,3
cell_9559,0
cell_983,0
cell_6085,0
cell_10335,2
cell_8656,0
cell_3272,0
cell_5567,0
cell_2363,0
cell_3787,0
cell_6316,0
cell_479,0
cell_12245,1
cell_3597,0
cell_1304,0
cell_9185,0
cell_10330,3
cell_10525,2
cell_6935,0
cell_4570,0
cell_460,0
cell_306,3
cell_8678,0
cell_3643,0
cell_11273,1
cell_5896,0
cell_1208,0
cell_9370,0
cell_3945,0
cell_11070,1
cell_4450,0
cell_11269,3
cell_1537,0
cell_10032,0
cell_6161,0
cell_8063,0
cell_10503,1
cell_592,0
cell_3476,0
cell_4132,0
cell_6323,0
cell_10733,3
cell_7528,0
cell_2785,0
cell_5738,0
cell_2554,0
cell_1789,0
cell_6210,0
cell_4091,0
cell_7938,0
cell_703,0
cell_5518,0
cell_10818,2
cell_3672,0
cell_4871,0
cell_11293,3
cell_10579,3
cell_11212,3
cell_10250,1
cell_7705,0
cell_4182,0
cell_8787,0
cell_5546,0
cell_10505,3
cell_10316,3
cell_1946,0
cell_7824,0
cell_1758,0
cell_9934,0
cell_3203,0
cell_9261,0
cell_4432,0
cell_10251,1
cell_7994,0
cell_4825,0
cell_7266,0
cell_8279,0
cell_311,0
cell_4996,0
cell_9153,0
cell_11698,3
cell_1351,0
cell_8037,0
cell_3674,0
cell_5550,0
cell_4773,0
cell_5387,0
cell_10005,0
cell_10443,3
cell_6980,0
cell_2548,0
cell_9055,0
cell_7534,0
cell_5832,0
cell_11619,1
cell_9362,0
cell_5599,0
cell_980,0
cell_6016,0
cell_10516,1
cell_6310,0
cell_4769,0
cell_1650,0
cell_8836,0
cell_2187,0
cell_3448,0
cell_1701,0
cell_1632,0
cell_11255,3
cell_5676,0
cell_1784,0
cell_11216,3
cell_5280,0
cell_12111,3
cell_2476,0
cell_10608,3
cell_7579,0
cell_11746,3
cell_7254,0
cell_11642,3
cell_1668,0
cell_2888,0
cell_2601,0
cell_9229,0
cell_3793,0
cell_6867,0
cell_12101,1
cell_3044,0
cell_7259,0
cell_4180,0
cell_6003,0
cell_6201,0
cell_1146,0
cell_9682,0
cell_1952,0
cell_9455,0
cell_1610,3
cell_4399,0
cell_6477,0
cell_3054,0
cell_3205,0
cell_9412,0
cell_3226,0
cell_10052,0
cell_8534,0
cell_10348,3
cell_720,0
cell_7529,0
cell_7061,0
cell_9164,0
cell_6031,0
cell_3682,0
cell_5538,0
cell_1333,0
cell_6040,0
cell_5557,0
cell_11009,3
cell_11264,3
cell_8871,0
cell_11623,3
cell_4955,0
cell_10066,0
cell_6197,0
cell_9570,0
cell_6986,0
cell_4626,0
cell_10361,3
cell_5952,0
cell_8806,0
cell_10627,1
cell_8349,0
cell_3718,0
cell_11015,1
cell_3828,0
cell_5801,0
cell_10050,0
cell_11085,3
cell_784,0
cell_6821,0
cell_10618,3
cell_4551,0
cell_10855,1
cell_1006,0
cell_1810,0
cell_10179,0
cell_12007,1
cell_450,0
cell_7913,0
cell_5227,0
cell_6110,0
cell_11029,3
cell_687,0
cell_12215,1
cell_5330,0
cell_9056,0
cell_1698,0
cell_1626,0
cell_2936,0
cell_0,0
cell_4108,0
cell_6556,0
cell_6859,0
cell_5580,0
cell_11040,3
cell_6927,0
cell_6901,0
cell_5315,0
cell_9798,0
cell_9267,0
cell_9467,0
cell_1096,3
cell_8206,0
cell_8396,0
cell_7327,0
cell_3757,0
cell_5701,0
cell_2688,0
cell_8969,0
cell_10542,3
cell_2176,0
cell_6985,0
cell_8959,0
cell_3825,0
cell_11137,3
cell_10599,3
cell_9695,0
cell_7184,0
cell_4635,0
cell_8308,0
cell_9434,0
cell_1923,0
cell_2864,0
cell_5968,0
cell_1554,0
cell_3444,0
cell_11675,3
cell_3784,0
cell_11058,3
cell_12179,1
cell_7091,0
cell_6740,0
cell_3490,0
cell_7492,0
cell_5322,0
cell_4667,0
cell_10520,1
cell_4539,0
cell_2321,0
cell_3813,0
cell_838,0
cell_4253,0
cell_6423,0
cell_1324,0
cell_10227,2
cell_1752,0
cell_5155,0
cell_2512,0
cell_8080,0
cell_2298,0
cell_4663,0
cell_5077,0
cell_10012,0
cell_10712,1
cell_6017,0
cell_6849,0
cell_9907,0
cell_8501,0
cell_2790,0
cell_9490,0
cell_2951,0
cell_2016,0
cell_10978,1
cell_4511,0
cell_10812,3
cell_9706,0
cell_8989,0
cell_2386,0
cell_808,0
cell_5481,0
cell_2426,0
cell_10307,3
cell_6625,0
cell_352,0
cell_3080,0
cell_1558,0
cell_8127,0
cell_4649,0
cell_4594,0
cell_363,0
cell_7049,0
cell_454,0
cell_5257,0
cell_7084,0
cell_7210,0
cell_9139,0
cell_11165,3
cell_3928,0
cell_5976,0
cell_10807,3
cell_6302,0
cell_2825,0
cell_5813,0
cell_4699,0
cell_4998,0
cell_2095,0
cell_2580,0
cell_950,0
cell_940,0
cell_6361,0
cell_6496,0
cell_1941,0
cell_3336,0
cell_8409,0
cell_9932,0
cell_7463,0
cell_2874,0
cell_6521,3
cell_1229,0
cell_7876,0
cell_9668,0
cell_10684,3
cell_6716,0
cell_5441,0
cell_7378,0
cell_3866,0
cell_4668,0
cell_11979,3
cell_12147,1
cell_11491,3
cell_6929,0
cell_5855,0
cell_2342,0
cell_775,0
cell_2809,0
cell_6741,0
cell_5685,0
cell_7214,0
cell_4830,0
cell_4930,0
cell_2429,0
cell_8065,0
cell_9553,0
cell_1644,0
cell_2917,0
cell_1356,0
cell_8823,0
cell_222,0
cell_4777,0
cell_6184,0
cell_7078,0
cell_10246,3
cell_5909,0
cell_429,0
cell_2653,0
cell_3817,0
cell_2828,0
cell_1960,0
cell_2117,0
cell_4784,0
cell_6715,0
cell_5624,0
cell_5733,0
cell_7116,0
cell_985,0
cell_10272,3
cell_5087,0
cell_4232,0
cell_5209,0
cell_9178,0
cell_10642,3
cell_2019,0
cell_9110,0
cell_3451,0
cell_9160,2
cell_1396,0
cell_1872,0
cell_6243,0
cell_2707,0
cell_6839,0
cell_1481,0
cell_9750,0
cell_8953,0
cell_8388,0
cell_929,0
cell_5001,0
cell_2881,0
cell_11034,1
cell_3037,0
cell_12122,1
cell_8049,0
cell_1523,0
cell_3184,0
cell_37,0
cell_3764,0
cell_10665,3
cell_5800,0
cell_7189,0
cell_11888,3
cell_10047,0
cell_6895,0
cell_7567,0
cell_3903,0
cell_5745,0
cell_11111,3
cell_6254,0
cell_3338,0
cell_1601,0
cell_5629,0
cell_791,0
cell_10644,3
cell_7589,0
cell_841,0
cell_2754,0
cell_9573,0
cell_11845,3
cell_7611,0
cell_172,0
cell_724,0
cell_771,0
cell_597,3
cell_3281,0
cell_5659,0
cell_8898,0
cell_3975,0
cell_11179,3
cell_1995,0
cell_7272,0
cell_1506,0
cell_3989,0
cell_10739,3
cell_6721,3
cell_3128,0
cell_11168,2
cell_11725,3
cell_5674,0
cell_901,0
cell_140,0
cell_5669,0
cell_10691,3
cell_11588,3
cell_11379,3
cell_7365,0
cell_2645,0
cell_11672,3
cell_6227,0
cell_11249,3
cell_1860,0
cell_6198,0
cell_8738,0
cell_145,0
cell_9984,0
cell_3421,0
cell_5276,0
cell_11309,3
cell_11841,3
cell_9576,0
cell_4912,0
cell_6704,0
cell_5772,0
cell_9906,0
cell_10242,2
cell_8749,0
cell_10007,0
cell_3125,0
cell_11527,3
cell_11409,3
cell_2364,0
cell_2811,0
cell_6104,0
cell_3785,0
cell_5663,0
cell_1181,0
cell_7467,0
cell_1108,0
cell_11593,3
cell_11702,3
cell_8962,0
cell_1060,0
cell_7445,0
cell_5136,0
cell_1504,0
cell_3324,0
cell_2602,0
cell_10397,1
cell_3334,0
cell_10959,3
cell_3595,0
cell_2777,0
cell_8263,0
cell_8033,0
cell_2671,0
cell_7374,1
cell_728,0
cell_3607,0
cell_4199,0
cell_7163,0
cell_11865,3
cell_9612,0
cell_7440,0
cell_3756,0
cell_5439,0
cell_1909,0
cell_2209,0
cell_9821,0
cell_2824,0
cell_2114,0
cell_3233,0
cell_9809,0
cell_9816,0
cell_5883,0
cell_4278,3
cell_5736,0
cell_7274,0
cell_2926,0
cell_10214,0
cell_664,0
cell_6024,0
cell_7685,0
cell_10870,3
cell_1205,0
cell_9501,0
cell_10109,0
cell_10904,3
cell_7784,0
cell_10886,1
cell_5147,0
cell_4703,0
cell_7406,0
cell_11663,3
cell_7521,0
cell_2638,0
cell_40,0
cell_3053,0
cell_1270,0
cell_1268,0
cell_3288,0
cell_10556,3
cell_8716,0
cell_10419,3
cell_6910,0
cell_4815,0
cell_5243,0
cell_4945,0
cell_8010,0
cell_6532,0
cell_8479,0
cell_7335,0
cell_5609,0
cell_1024,0
cell_10085,0
cell_7935,0
cell_1877,0
cell_5969,0
cell_6214,0
cell_1838,0
cell_5081,0
cell_1139,0
cell_11606,3
cell_7965,0
cell_11516,3
cell_8368,0
cell_467,0
cell_7622,0
cell_1,0
cell_5866,0
cell_9320,0
cell_1210,0
cell_401,0
cell_9737,0
cell_12238,3
cell_4519,0
cell_9925,0
cell_4824,0
cell_12010,3
cell_6552,0
cell_10317,3
cell_5907,0
cell_1791,0
cell_2033,0
cell_2608,0
cell_11300,3
cell_2979,0
cell_11948,3
cell_10478,3
cell_6140,0
cell_10302,3
cell_2260,0
cell_1420,0
cell_9053,0
cell_7619,0
cell_3744,0
cell_12266,3
cell_267,0
cell_3164,0
cell_11134,3
cell_536,0
cell_1380,0
cell_11464,3
cell_243,0
cell_8664,0
cell_7774,3
cell_12048,2
cell_787,0
cell_9222,0
cell_2677,0
cell_6294,0
cell_6375,0
cell_169,0
cell_7142,0
cell_98,0
cell_2885,0
cell_4571,0
cell_5277,0
cell_8588,0
cell_8286,0
cell_4547,0
cell_7553,0
cell_1392,0
cell_628,0
cell_8887,0
cell_919,0
cell_2151,0
cell_7118,0
cell_9016,0
cell_11787,3
cell_4153,0
cell_7188,0
cell_9548,0
cell_8972,0
cell_2542,0
cell_7907,0
cell_7372,0
cell_12263,3
cell_4327,0
cell_661,0
cell_2415,0
cell_5215,0
cell_9186,0
cell_8311,0
cell_9136,0
cell_7551,0
cell_9739,0
cell_3613,0
cell_5030,0
cell_4585,0
cell_11489,3
cell_6959,0
cell_11339,3
cell_9106,0
cell_840,0
cell_3748,0
cell_9484,0
cell_3681,0
cell_4608,0
cell_7027,0
cell_11272,3
cell_9468,0
cell_10444,3
cell_2930,0
cell_8607,0
cell_11522,3
cell_6289,0
cell_8717,0
cell_3404,0
cell_6046,0
cell_1148,0
cell_6948,0
cell_2866,0
cell_9961,0
cell_518,0
cell_9363,0
cell_2641,0
cell_3348,0
cell_9654,0
cell_5036,0
cell_2349,0
cell_5426,0
cell_10060,0
cell_7117,0
cell_2741,0
cell_2553,0
cell_6178,0
cell_6030,0
cell_3415,0
cell_2748,0
cell_5191,0
cell_11471,3
cell_4461,0
cell_3910,0
cell_1933,0
cell_10129,0
cell_3543,0
cell_2501,0
cell_9556,0
cell_10614,1
cell_5790,0
cell_818,0
cell_2391,0
cell_4341,0
cell_4324,0
cell_8215,0
cell_2532,0
cell_11579,3
cell_8324,0
cell_1234,0
cell_9714,0
cell_8290,0
cell_7502,0
cell_3663,0
cell_2287,0
cell_119,0
cell_2302,0
cell_9024,0
cell_3438,0
cell_10517,1
cell_7644,0
cell_11236,3
cell_5170,0
cell_7296,0
cell_10797,3
cell_8379,0
cell_8159,0
cell_3847,0
cell_11142,3
cell_12053,1
cell_7484,0
cell_2694,0
cell_8937,0
cell_6380,0
cell_380,0
cell_5084,0
cell_7345,0
cell_9245,0
cell_8660,0
cell_10202,0
cell_10866,1
cell_101,0
cell_2975,0
cell_3250,0
cell_3397,0
cell_5019,0
cell_5721,0
cell_4567,0
cell_5846,0
cell_3619,0
cell_1170,0
cell_3916,0
cell_951,0
cell_11886,1
cell_7426,0
cell_9195,0
cell_10114,0
cell_4036,0
cell_945,0
cell_2277,0
cell_4438,0
cell_6512,0
cell_10794,3
cell_5884,0
cell_11124,1
cell_7499,0
cell_3063,0
cell_7073,0
cell_9336,0
cell_1777,0
cell_7314,0
cell_11220,3
cell_8670,0
cell_8853,0
cell_7364,0
cell_1621,0
cell_11612,1
cell_3270,0
cell_8271,0
cell_5750,0
cell_10409,3
cell_4821,0
cell_6367,0
cell_2819,0
cell_2993,0
cell_3222,0
cell_3461,0
cell_4665,0
cell_2413,0
cell_1147,0
cell_7961,0
cell_2084,0
cell_10537,3
cell_10121,0
cell_1361,0
cell_5204,0
cell_7317,0
cell_9780,0
cell_4342,3
cell_11964,3
cell_3175,0
cell_1798,0
cell_8986,0
cell_12236,1
cell_5323,0
cell_12165,3
cell_4365,3
cell_8872,0
cell_2616,0
cell_2003,0
cell_9924,0
cell_11590,3
cell_4836,0
cell_9123,0
cell_8380,0
cell_7980,0
cell_3994,0
cell_9239,0
cell_2647,0
cell_1364,0
cell_2405,0
cell_7446,0
cell_11616,2
cell_7706,0
cell_6086,0
cell_2009,0
cell_10489,3
cell_1202,0
cell_3962,0
cell_3351,0
cell_99,0
cell_10352,3
cell_10376,3
cell_3359,0
cell_1736,0
cell_6815,0
cell_1944,0
cell_721,0
cell_11783,3
cell_8706,0
cell_9861,0
cell_122,0
cell_6401,0
cell_2984,0
cell_6137,0
cell_9458,0
cell_9278,0
cell_2791,0
cell_1986,0
cell_6752,0
cell_7346,0
cell_11346,3
cell_8782,0
cell_10680,2
cell_39,0
cell_2902,0
cell_3449,0
cell_4506,0
cell_7286,0
cell_6619,0
cell_11598,3
cell_9804,0
cell_3121,0
cell_10620,3
cell_10106,0
cell_8147,0
cell_11359,1
cell_9124,0
cell_1973,0
cell_8663,0
cell_8026,0
cell_2891,0
cell_7305,0
cell_3542,0
cell_5960,0
cell_6261,0
cell_2659,0
cell_9980,0
cell_4803,0
cell_2120,0
cell_4839,0
cell_1393,0
cell_1707,0
cell_7967,0
cell_7523,0
cell_6709,0
cell_6615,0
cell_2343,0
cell_9687,0
cell_2004,0
cell_6050,0
cell_7447,0
cell_602,0
cell_6785,0
cell_2275,0
cell_12052,1
cell_6434,0
cell_7577,0
cell_2334,0
cell_319,0
cell_8653,0
cell_3712,0
cell_10961,3
cell_6279,0
cell_6234,0
cell_4545,0
cell_49,0
cell_7614,0
cell_2283,0
cell_9982,0
cell_5114,0
cell_1856,0
cell_5175,2
cell_3146,0
cell_4116,0
cell_11836,3
cell_11871,3
cell_5091,0
cell_9404,0
cell_8320,0
cell_9126,0
cell_4470,0
cell_84,0
cell_4701,0
cell_5681,0
cell_8444,0
cell_11274,1
cell_1695,0
cell_1260,0
cell_2796,0
cell_8998,0
cell_1542,0
cell_10291,2
cell_7497,0
cell_9792,0
cell_5472,0
cell_7295,0
cell_8614,0
cell_9619,0
cell_2360,0
cell_10607,1
cell_2043,0
cell_8281,0
cell_2505,0
cell_10346,1
cell_3859,0
cell_4617,0
cell_4078,0
cell_6891,0
cell_9964,0
cell_1895,0
cell_4833,0
cell_6402,0
cell_3118,0
cell_5027,3
cell_1421,0
cell_4417,0
cell_8191,0
cell_1557,0
cell_7472,0
cell_2200,0
cell_5559,0
cell_347,0
cell_9785,0
cell_9845,0
cell_4562,1
cell_9787,0
cell_51,0
cell_9693,0
cell_4995,0
cell_9915,0
cell_8405,0
cell_675,0
cell_4242,0
cell_9442,0
cell_4214,0
cell_12232,1
cell_3696,0
cell_11095,3
cell_7785,0
cell_2367,0
cell_2550,0
cell_3254,0
cell_4662,0
cell_2933,0
cell_2189,0
cell_1467,0
cell_8693,0
cell_9334,0
cell_8486,0
cell_3034,0
cell_5358,0
cell_7801,0
cell_6606,0
cell_12239,1
cell_658,3
cell_10745,1
cell_6330,0
cell_6181,0
cell_8131,0
cell_2612,0
cell_1552,0
cell_5440,0
cell_8045,0
cell_8024,0
cell_9791,0
cell_10043,0
cell_2583,0
cell_4985,3
cell_5569,0
cell_16,0
cell_11650,1
cell_3196,0
cell_10002,2
cell_1492,0
cell_8277,0
cell_6712,0
cell_346,0
cell_3452,0
cell_9637,0
cell_12001,3
cell_10958,1
cell_825,0
cell_10625,1
cell_9156,0
cell_7624,0
cell_5943,0
cell_3306,0
cell_9825,0
cell_6268,0
cell_8491,0
cell_505,0
cell_11228,3
cell_4790,0
cell_112,0
cell_6018,0
cell_5592,0
cell_4095,0
cell_4574,0
cell_8831,0
cell_9302,0
cell_9950,0
cell_10157,0
cell_7095,0
cell_2338,0
cell_1802,0
cell_10127,0
cell_10377,3
cell_390,0
cell_7503,0
cell_2318,0
cell_2621,0
cell_7311,0
cell_5746,0
cell_6057,0
cell_9235,0
cell_8655,0
cell_4254,0
cell_12000,3
cell_4249,0
cell_1691,0
cell_8832,0
cell_8566,0
cell_2063,0
cell_9033,0
cell_6245,0
cell_1342,0
cell_9144,0
cell_7909,0
cell_7607,0
cell_6570,0
cell_11559,3
cell_212,0
cell_2610,0
cell_5110,0
cell_4842,0
cell_5601,0
cell_1652,0
cell_6256,0
cell_7590,0
cell_8312,0
cell_10176,0
cell_9025,0
cell_5678,0
cell_4600,0
cell_6488,0
cell_10062,0
cell_7664,0
cell_12019,1
cell_11557,3
cell_4719,0
cell_4044,0
cell_10224,3
cell_2051,0
cell_11060,3
cell_11882,3
cell_4994,0
cell_3836,0
cell_4131,0
cell_3611,0
cell_4937,0
cell_5537,1
cell_6545,0
cell_10817,3
cell_1230,0
cell_3137,0
cell_4080,0
cell_8838,0
cell_1559,0
cell_3513,0
cell_6059,0
cell_3968,0
cell_3636,0
cell_6483,0
cell_7796,0
cell_11530,3
cell_1034,0
cell_7998,0
cell_10010,0
cell_7106,0
cell_12041,1
cell_2002,0
cell_3106,0
cell_2411,0
cell_9083,0
cell_4583,2
cell_569,0
cell_6438,0
cell_10720,3
cell_12153,1
cell_9462,0
cell_11513,3
cell_9202,0
cell_6623,0
cell_11611,3
cell_10507,3
cell_6200,0
cell_4675,0
cell_1546,0
cell_1667,0
cell_10461,3
cell_7681,0
cell_4209,0
cell_1997,0
cell_10916,3
cell_1224,0
cell_4090,0
cell_847,0
cell_315,0
cell_7536,0
cell_4487,0
cell_7069,3
cell_2285,0
cell_11943,3
cell_3328,0
cell_8061,0
cell_7333,0
cell_341,0
cell_11028,3
cell_10653,3
cell_8573,0
cell_2626,0
cell_11939,3
cell_4398,0
cell_988,0
cell_11550,3
cell_11292,3
cell_2922,0
cell_11930,3
cell_7832,0
cell_6906,0
cell_1935,0
cell_12206,1
cell_9741,0
cell_8780,0
cell_3122,0
cell_8434,0
cell_5351,0
cell_11194,3
cell_1091,3
cell_5903,0
cell_8406,0
cell_2724,0
cell_1254,0
cell_1957,0
cell_2561,0
cell_8476,0
cell_9595,0
cell_1825,0
cell_9527,0
cell_300,0
cell_11447,3
cell_1259,0
cell_3031,0
cell_2781,0
cell_11423,3
cell_8533,0
cell_7704,0
cell_10105,0
cell_7222,0
cell_7627,0
cell_8974,0
cell_11347,3
cell_10140,0
cell_5651,0
cell_10629,3
cell_6457,0
cell_3194,0
cell_4572,0
cell_3961,0
cell_11621,1
cell_755,0
cell_2237,0
cell_4983,0
cell_5638,0
cell_3014,0
cell_5970,0
cell_406,0
cell_4317,0
cell_4781,0
cell_937,0
cell_8980,0
cell_6426,0
cell_9122,0
cell_1474,0
cell_36,0
cell_6038,0
cell_7034,0
cell_7008,3
cell_643,0
cell_6843,0
cell_3888,0
cell_11042,3
cell_1737,0
cell_8568,0
cell_4434,0
cell_4168,0
cell_8549,0
cell_637,0
cell_1403,0
cell_3789,0
cell_1716,0
cell_11624,3
cell_2592,0
cell_8910,0
cell_6573,0
cell_3697,0
cell_2687,0
cell_11443,3
cell_5247,0
cell_11410,3
cell_4348,0
cell_3739,0
cell_12089,1
cell_3360,0
cell_8114,0
cell_11452,3
cell_946,0
cell_2459,0
cell_10512,3
cell_8287,0
cell_9815,0
cell_11729,3
cell_6774,0
cell_10702,1
cell_4419,0
cell_976,0
cell_3683,0
cell_8424,0
cell_9900,0
cell_3399,0
cell_4445,0
cell_1022,0
cell_10366,1
cell_7688,0
cell_5060,0
cell_2060,0
cell_8710,0
cell_10563,3
cell_2231,0
cell_10285,1
cell_8950,0
cell_6717,0
cell_8602,0
cell_5761,0
cell_2007,0
cell_8265,0
cell_8907,0
cell_457,0
cell_11880,3
cell_1076,0
cell_9312,0
cell_10333,3
cell_9088,0
cell_4758,3
cell_2764,0
cell_4509,0
cell_8250,0
cell_3579,0
cell_7086,0
cell_1450,0
cell_7421,0
cell_9036,0
cell_10761,1
cell_8029,0
cell_654,0
cell_3193,0
cell_2883,0
cell_1158,0
cell_3669,0
cell_11500,3
cell_10329,3
cell_1032,0
cell_7537,0
cell_5125,0
cell_2889,0
cell_6630,0
cell_11993,3
cell_6146,0
cell_10217,1
cell_1014,0
cell_9748,0
cell_3871,0
cell_3885,0
cell_2149,0
cell_1715,0
cell_5947,0
cell_11581,3
cell_446,0
cell_7138,0
cell_10935,3
cell_5181,0
cell_1055,0
cell_1075,0
cell_3976,0
cell_4805,0
cell_8512,0
cell_3160,0
cell_7746,0
cell_9606,0
cell_6088,0
cell_6961,0
cell_873,0
cell_11388,3
cell_4307,0
cell_7289,0
cell_670,0
cell_1532,0
cell_6446,0
cell_905,0
cell_8995,0
cell_2296,0
cell_10138,0
cell_881,0
cell_11907,3
cell_5384,0
cell_6107,0
cell_9431,0
cell_8116,0
cell_7868,0
cell_10546,2
cell_279,0
cell_6737,0
cell_7105,0
cell_1410,0
cell_8256,0
cell_9765,0
cell_10767,3
cell_8801,0
cell_10257,3
cell_9596,0
cell_10801,2
cell_5778,0
cell_5035,0
cell_5826,0
cell_1761,0
cell_6417,0
cell_129,0
cell_3963,0
cell_4623,0
cell_1221,0
cell_3740,0
cell_3809,0
cell_11208,3
cell_6703,0
cell_6251,0
cell_1627,0
cell_9120,0
cell_11177,3
cell_10294,3
cell_10857,3
cell_8901,0
cell_977,0
cell_157,0
cell_6586,0
cell_7183,0
cell_9718,0
cell_2779,0
cell_6313,0
cell_1249,0
cell_3929,0
cell_774,0
cell_9359,0
cell_3065,0
cell_1834,0
cell_9623,0
cell_989,0
cell_4172,0
cell_12258,1
cell_263,0
cell_1820,0
cell_2222,0
cell_2290,0
cell_6280,0
cell_760,0
cell_3350,0
cell_1765,0
cell_2464,0
cell_10075,0
cell_932,0
cell_2953,0
cell_7628,0
cell_434,0
cell_3425,0
cell_8581,0
cell_5392,0
cell_12295,1
cell_6186,0
cell_9936,0
cell_6226,0
cell_148,0
cell_3240,0
cell_10017,0
cell_8674,0
cell_6700,0
cell_2714,0
cell_7240,0
cell_8922,0
cell_11230,1
cell_8328,0
cell_6062,0
cell_5535,0
cell_9424,0
cell_10457,3
cell_2899,0
cell_19,0
cell_2813,3
cell_7798,0
cell_8611,0
cell_8600,0
cell_8241,0
cell_11994,3
cell_12132,1
cell_3241,0
cell_10006,0
cell_6154,0
cell_10172,0
cell_5320,0
cell_11490,3
cell_6777,0
cell_8397,0
cell_5313,0
cell_1565,0
cell_3851,0
cell_10824,3
cell_11700,3
cell_3695,0
cell_11432,1
cell_8947,0
cell_9600,0
cell_6388,3
cell_8866,0
cell_229,0
cell_8455,0
cell_5047,0
cell_3388,0
cell_6666,0
cell_5220,0
cell_9532,0
cell_9340,0
cell_4004,0
cell_5945,0
cell_9775,0
cell_6535,0
cell_9867,0
cell_2225,0
cell_6675,0
cell_1943,0
cell_3841,0
cell_8351,0
cell_6175,0
cell_899,0
cell_7896,0
cell_11225,1
cell_4734,0
cell_7170,0
cell_2762,0
cell_5115,0
cell_12172,3
cell_8493,0
cell_5285,0
cell_5116,0
cell_10048,0
cell_6566,0
cell_9492,0
cell_8123,0
cell_11091,3
cell_1719,0
cell_6288,0
cell_9140,0
cell_9327,0
cell_11872,2
cell_12184,3
cell_8830,0
cell_11378,3
cell_10651,3
cell_1166,0
cell_11341,1
cell_5456,0
cell_6964,0
cell_4891,0
cell_10137,0
cell_545,0
cell_9902,0
cell_8224,0
cell_877,0
cell_8736,0
cell_9445,0
cell_7320,0
cell_1854,0
cell_6643,0
cell_6218,0
cell_2823,0
cell_4329,0
cell_9550,0
cell_7680,0
cell_3077,0
cell_1085,0
cell_3188,0
cell_12113,1
cell_11266,1
cell_6633,0
cell_9783,0
cell_9416,0
cell_6150,0
cell_11867,3
cell_4807,0
cell_3023,0
cell_10099,0
cell_3269,0
cell_2493,0
cell_803,0
cell_1042,0
cell_4002,0
cell_2584,0
cell_10338,3
cell_8689,0
cell_6943,0
cell_1919,0
cell_2172,0
cell_11195,2
cell_11073,2
cell_12180,3
cell_10973,3
cell_104,0
cell_9998,0
cell_6299,0
cell_2441,0
cell_10974,3
cell_8497,0
cell_10174,0
cell_11987,3
cell_7285,0
cell_7903,0
cell_8908,2
cell_357,0
cell_160,0
cell_5370,0
cell_1185,0
cell_9121,0
cell_10111,0
cell_4010,0
cell_7329,0
cell_3266,0
cell_6783,0
cell_11833,3
cell_8181,0
cell_2201,0
cell_2934,0
cell_9066,0
cell_2093,0
cell_1619,0
cell_1684,0
cell_5238,0
cell_4733,0
cell_8187,0
cell_9886,0
cell_5531,0
cell_8473,0
cell_556,0
cell_4530,0
cell_9052,0
cell_11415,3
cell_1195,0
cell_889,0
cell_4023,0
cell_5067,0
cell_12016,1
cell_12069,1
cell_10112,0
cell_7795,0
cell_2173,0
cell_470,0
cell_3002,0
cell_6598,0
cell_2522,0
cell_11200,3
cell_7654,0
cell_5102,0
cell_542,0
cell_10744,1
cell_9978,0
cell_8809,0
cell_11742,1
cell_9774,0
cell_11046,2
cell_10778,1
cell_2859,0
cell_4166,0
cell_4096,0
cell_5231,0
cell_5475,0
cell_4786,0
cell_4347,0
cell_3758,0
cell_301,0
cell_2594,0
cell_7539,0
cell_2924,0
cell_5955,0
cell_5348,0
cell_2920,0
cell_10394,1
cell_7739,0
cell_72,0
cell_10647,1
cell_7287,0
cell_4369,0
cell_8371,0
cell_30,0
cell_7264,0
cell_423,0
cell_10108,0
cell_933,0
cell_9447,0
cell_5435,0
cell_4646,0
cell_4157,0
cell_11411,3
cell_4062,0
cell_1220,0
cell_228,0
cell_2352,0
cell_5829,0
cell_1499,0
cell_1503,0
cell_10193,0
cell_6978,0
cell_4774,0
cell_6147,0
cell_333,0
cell_3521,0
cell_11736,1
cell_8754,0
cell_1360,0
cell_11159,3
cell_3629,0
cell_8701,0
cell_8734,0
cell_2835,0
cell_9191,0
cell_7470,0
cell_3965,0
cell_116,0
cell_1598,0
cell_4664,0
cell_11835,3
cell_5201,0
cell_3258,0
cell_11418,3
cell_1705,0
cell_1551,0
cell_2820,0
cell_242,0
cell_684,0
cell_4598,0
cell_10867,1
cell_11374,3
cell_2288,0
cell_6918,0
cell_6315,0
cell_1911,0
cell_3863,0
cell_4251,0
cell_7373,0
cell_2844,0
cell_3940,0
cell_6187,0
cell_1050,0
cell_1648,0
cell_8201,0
cell_1516,0
cell_3153,0
cell_10269,2
cell_558,0
cell_8069,0
cell_1611,3
cell_10143,0
cell_4678,3
cell_6838,3
cell_11549,3
cell_9720,0
cell_9675,0
cell_4051,0
cell_2090,0
cell_6172,0
cell_7109,0
cell_2490,0
cell_6513,0
cell_2077,0
cell_11472,3
cell_2787,0
cell_506,0
cell_4977,0
cell_8587,0
cell_11517,3
cell_7978,0
cell_2036,0
cell_4895,0
cell_6735,0
cell_1347,0
cell_753,0
cell_960,0
cell_1253,0
cell_1774,0
cell_3765,0
cell_9023,0
cell_7154,0
cell_10580,3
cell_2543,0
cell_991,0
cell_3021,0
cell_1010,0
cell_2719,0
cell_11218,3
cell_802,0
cell_1257,0
cell_3467,0
cell_362,0
cell_10871,3
cell_2841,0
cell_7064,0
cell_4268,0
cell_1440,0
cell_8846,3
cell_2087,0
cell_5707,0
cell_9429,0
cell_11317,3
cell_3168,0
cell_1341,0
cell_9061,0
cell_4628,0
cell_1785,0
cell_6701,0
cell_7243,0
cell_6081,0
cell_7722,0
cell_5547,0
cell_1144,0
cell_10773,3
cell_11674,2
cell_8877,0
cell_10925,3
cell_3020,0
cell_4021,0
cell_3845,0
cell_4904,0
cell_9611,0
cell_2372,0
cell_11088,3
cell_6269,0
cell_11876,3
cell_5319,0
cell_4579,0
cell_7662,0
cell_6520,0
cell_10065,0
cell_5541,0
cell_2506,0
cell_10518,1
cell_9708,0
cell_3067,0
cell_3852,0
cell_526,0
cell_5331,0
cell_11221,3
cell_2379,0
cell_495,0
cell_3400,0
cell_5503,0
cell_975,0
cell_972,0
cell_2424,0
cell_10095,0
cell_7771,0
cell_10189,0
cell_11720,3
cell_6766,0
cell_3911,0
cell_8510,0
cell_7178,0
cell_12130,2
cell_3790,0
cell_3321,0
cell_6698,0
cell_5210,0
cell_6835,0
cell_10732,3
cell_5522,0
cell_2042,0
cell_523,0
cell_6447,0
cell_9051,0
cell_2384,0
cell_8213,0
cell_6398,0
cell_3412,0
cell_3822,0
cell_3673,0
cell_9058,0
cell_8766,0
cell_5549,0
cell_6938,0
cell_5479,0
cell_2328,0
cell_9150,0
cell_3147,0
cell_9563,0
cell_11356,3
cell_8613,0
cell_10118,0
cell_1979,0
cell_403,0
cell_2393,0
cell_9713,0
cell_7893,0
cell_4179,0
cell_9860,0
cell_944,0
cell_7899,0
cell_11560,3
cell_8400,0
cell_5828,0
cell_9786,0
cell_11310,3
cell_3731,0
cell_4536,0
cell_5008,0
cell_7875,0
cell_5820,0
cell_6771,0
cell_11682,3
cell_843,0
cell_6115,0
cell_6072,0
cell_11344,1
cell_689,0
cell_10467,3
cell_10863,3
cell_4757,0
cell_6617,0
cell_5041,0
cell_939,0
cell_3482,0
cell_548,0
cell_10388,2
cell_225,0
cell_8540,0
cell_3589,0
cell_11453,3
cell_10034,0
cell_254,0
cell_5808,0
cell_1365,0
cell_3484,0
cell_9674,0
cell_6952,0
cell_8012,0
cell_9375,0
cell_12195,3
cell_1046,0
cell_8474,0
cell_5996,3
cell_1381,0
cell_2434,0
cell_7392,0
cell_746,0
cell_8818,0
cell_10891,3
cell_4338,0
cell_3276,0
cell_100,0
cell_1906,0
cell_7877,0
cell_1048,0
cell_2245,0
cell_6563,0
cell_8469,0
cell_4217,0
cell_8376,0
cell_8309,0
cell_7827,0
cell_11419,3
cell_7561,0
cell_11334,3
cell_3076,0
cell_11652,3
cell_458,0
cell_9869,3
cell_8756,0
cell_164,0
cell_11183,3
cell_10777,3
cell_9035,0
cell_3318,0
cell_2269,0
cell_8188,0
cell_12042,1
cell_7337,0
cell_2466,0
cell_3760,0
cell_5249,0
cell_537,0
cell_7162,0
cell_7080,0
cell_4656,0
cell_12011,3
cell_5039,0
cell_5375,0
cell_7290,0
cell_5921,0
cell_8299,0
cell_120,0
cell_9849,0
cell_9874,0
cell_9781,3
cell_1336,0
cell_235,0
cell_5764,0
cell_6551,0
cell_2733,0
cell_10699,3
cell_2089,0
cell_8471,0
cell_734,0
cell_3287,0
cell_4241,0
cell_1711,0
cell_12168,2
cell_4101,0
cell_5504,0
cell_3275,0
cell_5512,0
cell_6681,0
cell_5904,0
cell_10375,3
cell_10428,2
cell_4862,0
cell_2191,0
cell_5521,0
cell_5056,0
cell_4986,0
cell_10355,1
cell_1931,0
cell_754,0
cell_4802,0
cell_6937,0
cell_6328,0
cell_1080,0
cell_1363,0
cell_2722,0
cell_3504,0
cell_9413,0
cell_7407,0
cell_7780,0
cell_10742,2
cell_1456,0
cell_70,0
cell_3393,0
cell_8153,0
cell_1316,0
cell_11476,2
cell_7930,0
cell_7309,0
cell_9580,0
cell_9663,0
cell_10220,3
cell_7133,0
cell_3815,0
cell_1025,0
cell_11016,3
cell_10045,0
cell_11750,3
cell_2804,3
cell_1505,0
cell_7207,0
cell_12216,1
cell_4849,0
cell_7191,0
cell_6014,3
cell_4823,0
cell_1581,0
cell_6157,0
cell_6853,0
cell_7002,0
cell_8447,0
cell_5469,0
cell_9313,0
cell_11294,3
cell_10566,2
cell_7107,0
cell_5688,0
cell_2837,0
cell_3908,0
cell_7135,0
cell_62,3
cell_3361,0
cell_11791,3
cell_10021,0
cell_9198,0
cell_2206,0
cell_1511,0
cell_12284,1
cell_3679,0
cell_4510,0
cell_11396,3
cell_5847,3
cell_3874,0
cell_9616,0
cell_11866,3
cell_2477,0
cell_3507,0
cell_10340,3
cell_3503,0
cell_1633,0
cell_1977,0
cell_10711,1
cell_8688,0
cell_11025,3
cell_1240,0
cell_5221,0
cell_1326,1
cell_7103,0
cell_11499,3
cell_3645,0
cell_6378,0
cell_8771,0
cell_3898,0
cell_5138,0
cell_4941,0
cell_5446,0
cell_9472,0
cell_8711,0
cell_1574,0
cell_4257,0
cell_5524,0
cell_6442,0
cell_6884,0
cell_5860,0
cell_7236,0
cell_3366,0
cell_5664,0
cell_3259,0
cell_5380,0
cell_1720,0
cell_9294,0
cell_9090,0
cell_52,0
cell_7714,0
cell_4454,0
cell_8041,0
cell_5639,0
cell_7717,0
cell_7486,0
cell_6928,0
cell_6242,0
cell_11849,3
cell_583,0
cell_6138,0
cell_2669,0
cell_11906,3
cell_4791,0
cell_3592,0
cell_11319,3
cell_2492,0
cell_7082,0
cell_4400,0
cell_10853,1
cell_9107,0
cell_2345,0
cell_5583,0
cell_4386,0
cell_11068,3
cell_6300,0
cell_183,0
cell_1097,0
cell_1211,0
cell_1677,0
cell_8731,0
cell_11818,3
cell_5050,0
cell_790,0
cell_5065,0
cell_5369,0
cell_1961,0
cell_9332,0
cell_6595,0
cell_9050,0
cell_11417,1
cell_11985,3
cell_1405,0
cell_836,0
cell_1466,0
cell_11239,3
cell_4176,0
cell_8245,0
cell_5124,0
cell_6007,0
cell_7829,0
cell_10466,3
cell_995,0
cell_11445,3
cell_3502,0
cell_5610,0
cell_1290,0
cell_7674,0
cell_3584,0
cell_1191,0
cell_8248,0
cell_11986,3
cell_1031,0
cell_8921,0
cell_5974,0
cell_9652,0
cell_379,0
cell_11618,3
cell_747,0
cell_1762,0
cell_8337,0
cell_5265,0
cell_198,0
cell_10604,1
cell_8232,0
cell_3773,0
cell_533,0
cell_10735,3
cell_3510,0
cell_6697,3
cell_1114,0
cell_9242,0
cell_707,0
cell_1083,0
cell_3638,0
cell_4936,0
cell_9102,0
cell_2802,3
cell_8520,0
cell_2378,0
cell_2636,0
cell_10465,3
cell_10539,3
cell_511,0
cell_3238,0
cell_2205,0
cell_79,0
cell_3661,0
cell_10036,0
cell_6474,0
cell_131,0
cell_5171,0
cell_9072,0
cell_4540,0
cell_729,0
cell_8480,0
cell_1320,0
cell_5232,0
cell_5612,0
cell_265,0
cell_1599,0
cell_738,0
cell_1353,0
cell_11921,3
cell_2040,0
cell_6877,0
cell_1584,0
cell_4859,0
cell_10703,3
cell_8527,0
cell_9628,0
cell_3235,0
cell_759,0
cell_6673,0
cell_4771,1
cell_5283,0
cell_10686,3
cell_412,0
cell_288,0
cell_11196,3
cell_8620,0
cell_6660,0
cell_879,0
cell_6429,0
cell_9111,0
cell_11024,3
cell_189,0
cell_4261,0
cell_9645,0
cell_10177,0
cell_7157,0
cell_10170,0
cell_4513,0
cell_2552,0
cell_10464,3
cell_7192,0
cell_4789,0
cell_9524,0
cell_7788,0
cell_9585,0
cell_10937,3
cell_4223,0
cell_11534,3
cell_10475,3
cell_8676,0
cell_8161,0
cell_3432,0
cell_8744,0
cell_4276,0
cell_6553,0
cell_7077,0
cell_6874,0
cell_8492,0
cell_10783,3
cell_10987,3
cell_123,0
cell_2072,0
cell_10668,1
cell_6194,0
cell_826,0
cell_5551,0
cell_7199,0
cell_8624,0
cell_4000,0
cell_10543,3
cell_6357,0
cell_9834,0
cell_10315,3
cell_10934,3
cell_6714,0
cell_8100,0
cell_3319,0
cell_7750,0
cell_1362,0
cell_8341,0
cell_5419,0
cell_219,0
cell_1645,0
cell_502,0
cell_1845,0
cell_2499,0
cell_8858,0
cell_1118,0
cell_9594,0
cell_6713,0
cell_5696,0
cell_12021,3
cell_10782,3
cell_1849,0
cell_10672,3
cell_6537,0
cell_4657,0
cell_6212,0
cell_9690,0
cell_6206,0
cell_6284,0
cell_5702,0
cell_3462,0
cell_2890,0
cell_7510,0
cell_3130,0
cell_10980,2
cell_3616,0
cell_7326,0
cell_2217,0
cell_8081,0
cell_4923,0
cell_11251,1
cell_10303,3
cell_11772,3
cell_1567,0
cell_10040,0
cell_449,0
cell_7110,0
cell_8547,0
cell_12058,3
cell_9257,0
cell_5942,0
cell_3807,0
cell_5560,0
cell_11456,3
cell_3546,0
cell_5150,0
cell_5542,0
cell_4708,0
cell_4847,0
cell_1269,0
cell_9304,0
cell_7004,0
cell_8960,0
cell_11454,3
cell_3220,0
cell_6856,0
cell_10764,2
cell_10821,3
cell_9844,0
cell_8955,0
cell_3819,0
cell_1018,0
cell_4541,0
cell_11947,3
cell_12176,3
cell_6645,0
cell_1331,0
cell_9725,0
cell_2736,0
cell_10025,0
cell_4408,0
cell_9574,0
cell_4534,0
cell_3909,0
cell_10420,3
cell_11778,3
cell_8057,0
cell_6913,0
cell_1709,0
cell_2092,0
cell_4204,0
cell_2028,0
cell_2481,0
cell_397,0
cell_4250,0
cell_5959,0
cell_2024,0
cell_9872,0
cell_7003,0
cell_3141,3
cell_1089,3
cell_9991,0
cell_7665,0
cell_816,0
cell_7559,0
cell_2306,0
cell_7756,0
cell_498,0
cell_1970,0
cell_3325,0
cell_1928,0
cell_5754,0
cell_7263,0
cell_8083,0
cell_3113,0
cell_10750,3
cell_1591,0
cell_11963,3
cell_4563,0
cell_1676,0
cell_255,0
cell_1779,0
cell_4140,0
cell_3109,0
cell_10554,3
cell_8855,0
cell_11375,3
cell_7592,0
cell_9514,0
cell_6240,0
cell_8543,0
cell_5991,0
cell_10082,0
cell_3899,0
cell_10136,0
cell_8418,0
cell_12032,3
cell_237,0
cell_11904,1
cell_1844,0
cell_4139,0
cell_11727,3
cell_5922,0
cell_2408,0
cell_2656,0
cell_3596,0
cell_10695,3
cell_5590,0
cell_11487,3
cell_7765,0
cell_10088,0
cell_8267,0
cell_7225,0
cell_126,0
cell_9848,0
cell_8869,0
cell_7136,0
cell_10981,3
cell_10841,3
cell_2615,0
cell_6707,0
cell_7797,0
cell_3821,0
cell_7168,0
cell_5024,0
cell_4289,0
cell_6840,0
cell_105,0
cell_10878,3
cell_392,0
cell_10195,0
cell_3978,0
cell_5409,0
cell_11748,3
cell_24,0
cell_4546,0
cell_4270,0
cell_11769,3
cell_8435,0
cell_1442,0
cell_941,0
cell_9831,0
cell_10632,3
cell_6689,0
cell_3431,0
cell_1663,0
cell_2509,0
cell_6439,0
cell_11280,3
cell_1428,0
cell_6745,0
cell_9161,0
cell_4191,0
cell_10689,1
cell_3676,0
cell_8020,0
cell_1371,0
cell_4447,0
cell_611,0
cell_6516,0
cell_8914,0
cell_7420,0
cell_5113,0
cell_7522,0
cell_5972,0
cell_5898,0
cell_3170,0
cell_3335,0
cell_4820,0
cell_3097,0
cell_11757,3
cell_8254,0
cell_8117,0
cell_6825,0
cell_6636,0
cell_1981,0
cell_1189,0
cell_6094,0
cell_2905,0
cell_4587,0
cell_4150,0
cell_10586,1
cell_6889,0
cell_9497,0
cell_9897,0
cell_8750,0
cell_8461,0
cell_4058,0
cell_4336,0
cell_3232,0
cell_789,0
cell_7932,0
cell_5607,0
cell_4648,0
cell_8090,0
cell_2717,0
cell_10183,0
cell_11219,3
cell_11965,1
cell_7945,0
cell_8315,0
cell_11511,3
cell_5930,0
cell_5734,0
cell_1400,0
cell_1545,0
cell_7748,0
cell_1203,0
cell_9162,0
cell_8374,0
cell_338,0
cell_10784,3
cell_3974,0
cell_7849,0
cell_5020,0
cell_9903,0
cell_10171,0
cell_11110,1
cell_11084,1
cell_11385,3
cell_8732,0
cell_8220,0
cell_3459,0
cell_4676,0
cell_6888,0
cell_1922,0
cell_5618,0
cell_378,0
cell_10678,3
cell_726,0
cell_4762,0
cell_8421,0
cell_5188,0
cell_11036,1
cell_6769,3
cell_8741,0
cell_12080,1
cell_1137,0
cell_6845,0
cell_11123,1
cell_3970,0
cell_11325,1
cell_8671,0
cell_11738,1
cell_1291,0
cell_12220,3
cell_4965,0
cell_1348,0
cell_1244,0
cell_4439,0
cell_8364,0
cell_3285,0
cell_813,0
cell_1556,0
cell_2294,0
cell_430,0
cell_6126,3
cell_8255,0
cell_184,0
cell_12030,3
cell_11934,3
cell_2635,0
cell_8523,0
cell_12268,1
cell_4593,0
cell_3924,0
cell_4192,0
cell_7377,0
cell_3848,0
cell_5386,0
cell_10656,3
cell_4910,0
cell_11814,3
cell_10131,0
cell_270,0
cell_3224,0
cell_4110,0
cell_9380,0
cell_2539,0
cell_10598,2
cell_9440,0
cell_842,0
cell_9290,0
cell_7431,0
cell_767,1
cell_6216,0
cell_8345,0
cell_11302,3
cell_5848,0
cell_11420,3
cell_9353,0
cell_8140,0
cell_7693,0
cell_9383,0
cell_1338,0
cell_4014,0
cell_11386,3
cell_8840,3
cell_7490,0
cell_12281,1
cell_7853,0
cell_2177,0
cell_11933,3
cell_3178,0
cell_8517,0
cell_9523,0
cell_6852,0
cell_921,0
cell_9248,0
cell_1819,0
cell_10752,3
cell_1452,0
cell_2536,0
cell_8952,0
cell_11078,2
cell_9547,0
cell_6372,0
cell_11821,1
cell_10283,1
cell_3554,0
cell_10909,3
cell_3805,0
cell_10997,1
cell_5993,3
cell_7582,0
cell_2491,0
cell_8176,0
cell_3208,0
cell_12264,3
cell_9206,0
cell_3858,0
cell_4799,0
cell_8863,0
cell_2963,0
cell_10254,1
cell_1176,0
cell_23,0
cell_2192,0
cell_5349,0
cell_11874,3
cell_7026,0
cell_7057,0
cell_12123,1
cell_4548,0
cell_3715,0
cell_5328,0
cell_10639,3
cell_6478,0
cell_8015,0
cell_1390,0
cell_8179,0
cell_6862,0
cell_6166,0
cell_8059,0
cell_8314,0
cell_2551,0
cell_3095,0
cell_10802,2
cell_12283,1
cell_9096,0
cell_6472,0
cell_11354,1
cell_1757,0
cell_4644,0
cell_1266,0
cell_4208,0
cell_2366,0
cell_1868,0
cell_6458,0
cell_4001,0
cell_8849,0
cell_4700,0
cell_9994,0
cell_3251,0
cell_8234,0
cell_5804,0
cell_9148,0
cell_1178,0
cell_6312,0
cell_10262,2
cell_10906,3
cell_10545,2
cell_11975,3
cell_11364,1
cell_12193,3
cell_3420,0
cell_6756,0
cell_211,0
cell_5871,3
cell_7689,0
cell_10051,0
cell_5021,0
cell_3039,0
cell_6303,0
cell_465,0
cell_6004,0
cell_9355,0
cell_2425,0
cell_11541,3
cell_10776,3
cell_528,0
cell_4285,3
cell_7818,0
cell_395,0
cell_10055,0
cell_936,0
cell_10583,2
cell_115,0
cell_12102,1
cell_5620,0
cell_6819,0
cell_5187,0
cell_8819,0
cell_8,0
cell_1989,0
cell_1634,0
cell_2992,0
cell_1231,0
cell_5096,0
cell_8752,0
cell_5373,0
cell_7663,0
cell_7036,0
cell_4466,0
cell_7398,0
cell_7941,0
cell_11925,3
cell_535,0
cell_2765,0
cell_5482,0
cell_10236,3
cell_11044,3
cell_5401,0
cell_3895,0
cell_11365,2
cell_9366,0
cell_1228,0
cell_7889,0
cell_8827,0
cell_2815,0
cell_10529,1
cell_3872,0
cell_6045,0
cell_8837,0
cell_5343,0
cell_8779,0
cell_2430,0
cell_5577,0
cell_280,0
cell_7959,0
cell_10873,2
cell_2590,0
cell_6340,0
cell_10829,3
cell_12257,1
cell_6409,0
cell_2258,0
cell_5219,0
cell_5589,1
cell_7011,0
cell_8074,0
cell_1475,0
cell_10230,3
cell_5345,0
cell_1163,0
cell_6122,0
cell_1271,0
cell_3849,0
cell_9188,0
cell_3685,0
cell_6151,0
cell_4160,0
cell_11564,3
cell_12039,3
cell_8105,0
cell_6023,0
cell_3708,0
cell_2498,0
cell_11525,2
cell_87,0
cell_1790,0
cell_8894,0
cell_10116,0
cell_3491,0
cell_2831,0
cell_949,0
cell_11089,3
cell_751,0
cell_11039,3
cell_1759,0
cell_2759,0
cell_6155,0
cell_8987,0
cell_12223,3
cell_12100,1
cell_10918,1
cell_11414,3
cell_11887,3
cell_3320,0
cell_3286,0
cell_6659,0
cell_6106,0
cell_3538,0
cell_580,0
cell_10180,0
cell_428,0
cell_2958,0
cell_1115,0
cell_5256,0
cell_6373,0
cell_6624,0
cell_1488,0
cell_7300,0
cell_371,0
cell_9806,0
cell_11160,3
cell_9411,0
cell_9762,0
cell_2511,0
cell_5259,0
cell_8634,0
cell_5984,0
cell_42,0
cell_2867,0
cell_9354,0
cell_5033,0
cell_8070,0
cell_11916,3
cell_7308,0
cell_9665,0
cell_11037,1
cell_11007,3
cell_8321,0
cell_12014,1
cell_9060,0
cell_11749,3
cell_10851,1
cell_12026,1
cell_2997,0
cell_5359,0
cell_5802,0
cell_2135,0
cell_7649,0
cell_8702,0
cell_7846,0
cell_7823,0
cell_5177,0
cell_9481,0
cell_3930,0
cell_97,0
cell_9438,0
cell_11081,3
cell_3798,0
cell_6008,0
cell_4402,0
cell_10798,3
cell_7963,0
cell_6576,0
cell_7570,0
cell_12196,3
cell_9767,0
cell_1956,0
cell_7383,0
cell_11013,1
cell_5614,0
cell_4174,0
cell_9738,0
cell_2113,0
cell_6095,0
cell_5275,0
cell_11315,3
cell_2050,3
cell_7166,0
cell_11628,3
cell_4767,0
cell_8135,0
cell_9030,0
cell_7161,2
cell_5143,3
cell_4654,0
cell_11467,3
cell_1013,0
cell_8329,0
cell_8094,0
cell_6070,0
cell_134,0
cell_1282,0
cell_6974,0
cell_5565,0
cell_1255,0
cell_11288,3
cell_2701,0
cell_9417,0
cell_7328,0
cell_10078,0
cell_12276,3
cell_9062,0
cell_4810,0
cell_5716,0
cell_8064,0
cell_4533,0
cell_798,0
cell_3028,0
cell_9511,0
cell_9073,0
cell_12280,3
cell_6760,0
cell_2246,0
cell_8772,0
cell_7102,0
cell_3433,0
cell_9731,0
cell_9192,0
cell_9021,0
cell_3684,0
cell_10148,0
cell_11722,3
cell_7762,0
cell_8868,0
cell_3771,0
cell_6246,0
cell_11779,3
cell_1064,0
cell_6163,0
cell_2500,0
cell_2535,0
cell_1252,0
cell_12,0
cell_576,0
cell_6994,0
cell_686,0
cell_5400,0
cell_3766,0
cell_10637,1
cell_8735,0
cell_11745,3
cell_11532,3
cell_7982,0
cell_296,0
cell_10400,2
cell_12251,1
cell_3101,0
cell_6109,0
cell_8318,0
cell_10657,3
cell_3832,0
cell_7315,0
cell_10714,1
cell_4730,0
cell_1831,0
cell_7563,0
cell_11431,3
cell_864,0
cell_1453,0
cell_1934,0
cell_917,0
cell_4641,0
cell_4284,0
cell_12201,1
cell_9746,0
cell_4277,0
cell_5572,0
cell_9881,0
cell_9145,0
cell_4464,0
cell_3670,0
cell_3439,0
cell_7480,0
cell_4975,0
cell_5771,0
cell_1656,0
cell_7047,3
cell_4638,0
cell_2226,0
cell_6433,0
cell_3875,0
cell_4620,0
cell_11279,3
cell_5119,0
cell_8348,0
cell_11203,3
cell_4749,0
cell_4240,0
cell_10774,3
cell_10835,1
cell_9494,0
cell_5799,0
cell_2219,0
cell_7814,0
cell_4808,0
cell_5085,0
cell_7348,0
cell_1900,0
cell_3693,0
cell_11751,3
cell_11171,3
cell_6048,0
cell_6831,0
cell_2272,0
cell_11997,3
cell_1009,0
cell_10349,3
cell_4491,0
cell_4867,0
cell_6436,0
cell_6260,0
cell_5396,0
cell_9904,0
cell_5258,0
cell_11864,3
cell_10612,3
cell_9704,0
cell_4934,0
cell_11926,1
cell_11708,2
cell_1281,0
cell_5536,0
cell_11813,3
cell_8136,0
cell_2460,0
cell_6934,0
cell_9846,0
cell_8230,0
cell_3372,0
cell_4243,0
cell_8185,0
cell_5486,0
cell_8769,0
cell_8126,0
cell_6942,0
cell_1385,0
cell_4229,0
cell_473,0
cell_1188,0
cell_12192,3
cell_6531,0
cell_6732,0
cell_6230,0
cell_3237,0
cell_8516,0
cell_8481,0
cell_1636,0
cell_10150,0
cell_6508,0
cell_11174,3
cell_10800,3
cell_8578,2
cell_10308,3
cell_4864,0
cell_3747,0
cell_1501,0
cell_7298,0
cell_9091,0
cell_2652,0
cell_6557,0
cell_1682,0
cell_10705,3
cell_94,0
cell_7120,0
cell_8900,0
cell_1376,0
cell_962,0
cell_9002,0
cell_11561,3
cell_10861,2
cell_4845,0
cell_7709,0
cell_9296,0
cell_10295,3
cell_7331,0
cell_8637,0
cell_8203,0
cell_441,0
cell_5374,0
cell_5690,0
cell_3733,0
cell_8524,0
cell_6733,0
cell_7070,0
cell_7794,0
cell_3161,0
cell_1992,0
cell_3935,0
cell_12117,1
cell_5261,3
cell_6790,0
cell_2457,0
cell_6587,0
cell_10496,3
cell_8709,0
cell_11519,3
cell_9557,0
cell_11875,3
cell_2108,0
cell_5153,0
cell_7515,0
cell_9824,0
cell_2488,0
cell_442,0
cell_7779,0
cell_8211,0
cell_667,0
cell_2383,0
cell_7505,0
cell_1850,0
cell_11297,3
cell_8668,0
cell_2355,0
cell_6247,0
cell_11873,3
cell_2870,0
cell_383,0
cell_9407,0
cell_4225,0
cell_10690,1
cell_1519,0
cell_2109,0
cell_9038,0
cell_7058,0
cell_10492,3
cell_6544,0
cell_644,0
cell_594,0
cell_11776,1
cell_3781,0
cell_8193,0
cell_11027,3
cell_8485,0
cell_10593,2
cell_11090,2
cell_4792,0
cell_5723,0
cell_1927,0
cell_1951,0
cell_3229,0
cell_9418,0
cell_2268,0
cell_476,0
cell_8496,0
cell_11126,3
cell_3948,0
cell_5616,0
cell_11478,3
cell_244,0
cell_3687,0
cell_8870,0
cell_7015,0
cell_5253,0
cell_9384,0
cell_7239,0
cell_6834,0
cell_5038,0
cell_782,0
cell_1782,0
cell_10670,1
cell_8011,0
cell_7761,0
cell_4746,0
cell_2228,0
cell_8864,0
cell_5260,3
cell_3864,0
cell_10155,0
cell_6351,0
cell_8414,0
cell_7391,0
cell_11542,3
cell_11233,3
cell_3265,0
cell_9920,0
cell_4913,0
cell_1980,0
cell_7051,0
cell_9560,0
cell_6639,0
cell_10253,3
cell_10868,1
cell_992,0
cell_10211,0
cell_159,0
cell_10158,0
cell_9617,0
cell_9006,0
cell_11721,3
cell_5296,0
cell_6076,0
cell_209,0
cell_3580,0
cell_9766,0
cell_858,0
cell_5415,0
cell_8152,0
cell_5660,0
cell_5523,0
cell_1982,0
cell_5741,0
cell_8603,0
cell_4549,0
cell_1412,0
cell_4122,0
cell_6204,0
cell_4478,0
cell_4468,0
cell_11716,3
cell_3754,0
cell_3242,0
cell_117,0
cell_5596,0
cell_6453,0
cell_3344,0
cell_7173,0
cell_682,0
cell_5404,0
cell_12067,3
cell_3192,0
cell_10284,1
cell_7655,3
cell_10430,1
cell_8628,0
cell_4384,0
cell_5245,0
cell_8454,0
cell_5463,0
cell_9487,0
cell_11321,3
cell_5593,0
cell_9013,0
cell_1907,0
cell_11100,2
cell_11822,3
cell_10885,3
cell_7434,0
cell_11496,3
cell_6049,0
cell_156,0
cell_2376,0
cell_8582,0
cell_2264,0
cell_1133,0
cell_12141,3
cell_6710,0
cell_6407,0
cell_8027,0
cell_2884,0
cell_12124,1
cell_2663,0
cell_8021,0
cell_11914,3
cell_12024,2
cell_6430,0
cell_9888,0
cell_2115,0
cell_1439,0
cell_6762,0
cell_1128,0
cell_2419,0
cell_5999,3
cell_1155,0
cell_7608,0
cell_6767,0
cell_10453,3
cell_10687,1
cell_2974,0
cell_1897,0
cell_7177,0
cell_8208,0
cell_2609,0
cell_10100,0
cell_9387,0
cell_2188,0
cell_2073,0
cell_5365,0
cell_9826,0
cell_6650,0
cell_11905,3
cell_561,0
cell_6213,0
cell_4499,0
cell_2966,0
cell_10011,0
cell_5408,0
cell_2650,0
cell_11596,3
cell_11817,3
cell_8038,0
cell_11768,3
cell_6574,0
cell_2661,0
cell_12269,1
cell_10260,3
cell_9838,0
cell_10347,3
cell_6098,0
cell_2224,0
cell_5774,0
cell_11847,3
cell_6275,0
cell_3545,0
cell_10367,1
cell_4763,0
cell_9385,0
cell_11408,3
cell_3382,0
cell_4255,0
cell_2960,0
cell_11828,3
cell_11043,3
cell_2233,0
cell_7432,0
cell_8808,0
cell_981,0
cell_5809,1
cell_4305,0
cell_8570,0
cell_6108,0
cell_3311,0
cell_1712,0
cell_6621,0
cell_9330,0
cell_8032,0
cell_7697,0
cell_7757,0
cell_6610,0
cell_6356,0
cell_7176,0
cell_4861,0
cell_10469,3
cell_2919,0
cell_6528,0
cell_6255,0
cell_4993,0
cell_4690,0
cell_10831,1
cell_3610,0
cell_11318,3
cell_5742,0
cell_11161,3
cell_5053,0
cell_5644,0
cell_10141,0
cell_5979,0
cell_8352,0
cell_4372,0
cell_12152,1
cell_5911,0
cell_3144,0
cell_5180,0
cell_740,0
cell_6111,0
cell_3675,0
cell_4057,0
cell_4706,0
cell_1411,0
cell_9782,0
cell_451,0
cell_1732,0
cell_2012,0
cell_5782,0
cell_9272,2
cell_5458,0
cell_7219,0
cell_9207,0
cell_4812,0
cell_3853,0
cell_3633,0
cell_1743,0
cell_150,0
cell_3183,0
cell_10364,1
cell_1113,0
cell_6440,0
cell_9943,0
cell_12086,3
cell_5483,0
cell_10996,2
cell_3033,0
cell_10332,3
cell_8923,0
cell_6801,0
cell_7367,0
cell_266,0
cell_7153,0
cell_11444,3
cell_869,0
cell_793,0
cell_8906,0
cell_2407,0
cell_11851,3
cell_4256,0
cell_5193,0
cell_7711,0
cell_2196,0
cell_916,0
cell_1654,0
cell_3865,0
cell_7880,0
cell_2557,0
cell_6970,0
cell_294,0
cell_8456,0
cell_1583,0
cell_11852,3
cell_9451,0
cell_204,0
cell_9342,0
cell_10485,1
cell_2422,0
cell_4838,0
cell_1518,0
cell_2039,0
cell_8104,0
cell_3300,0
cell_2282,0
cell_4371,0
cell_7048,0
cell_773,0
cell_10274,3
cell_7304,0
cell_9017,0
cell_9723,0
cell_1780,0
cell_9159,0
cell_1180,0
cell_9287,0
cell_645,0
cell_5604,0
cell_8401,0
cell_7478,0
cell_4938,0
cell_1377,0
cell_308,0
cell_2806,0
cell_2739,0
cell_4634,0
cell_340,1
cell_3900,0
cell_6719,0
cell_11151,1
cell_6684,0
cell_4987,0
cell_2903,0
cell_9799,0
cell_4258,0
cell_4681,0
cell_10433,3
cell_86,0
cell_10046,2
cell_2461,0
cell_433,0
cell_6233,0
cell_2810,0
cell_1862,0
cell_3947,0
cell_12137,3
cell_8034,0
cell_9522,0
cell_9335,0
cell_9151,0
cell_3114,0
cell_2685,0
cell_12079,3
cell_9432,0
cell_179,0
cell_7721,0
cell_2886,0
cell_1309,0
cell_3441,0
cell_1638,0
cell_11450,3
cell_9388,0
cell_2947,0
cell_5933,0
cell_7094,0
cell_11451,3
cell_1972,0
cell_1840,0
cell_10350,2
cell_257,0
cell_10449,3
cell_2575,0
cell_6132,0
cell_11637,3
cell_12135,1
cell_2537,0
cell_11903,3
cell_8464,0
cell_6405,0
cell_885,0
cell_4235,0
cell_1563,0
cell_4190,0
cell_6331,0
cell_11371,3
cell_3307,0
cell_2023,0
cell_5913,0
cell_8449,0
cell_2467,0
cell_4717,0
cell_6396,0
cell_3972,0
cell_2965,0
cell_3884,0
cell_5573,0
cell_8178,0
cell_4007,0
cell_7370,0
cell_7412,0
cell_4564,0
cell_4097,0
cell_6093,0
cell_8087,0
cell_7186,0
cell_5821,0
cell_4047,0
cell_6168,0
cell_839,0
cell_5424,0
cell_10880,3
cell_9009,0
cell_8826,0
cell_2307,0
cell_3906,0
cell_1103,0
cell_2631,0
cell_8175,0
cell_10096,1
cell_10278,3
cell_4009,0
cell_3411,0
cell_529,0
cell_7524,0
cell_5413,0
cell_12242,2
cell_474,0
cell_7931,0
cell_6554,0
cell_3405,0
cell_5637,0
cell_12054,1
cell_8946,0
cell_1219,0
cell_9365,0
cell_2560,0
cell_9466,0
cell_5835,0
cell_662,0
cell_9651,0
cell_7993,0
cell_8166,0
cell_3806,0
cell_8745,1
cell_2989,0
cell_2684,0
cell_5895,0
cell_8726,0
cell_2193,0
cell_1272,0
cell_11701,1
cell_2545,0
cell_6462,0
cell_6578,0
cell_6202,0
cell_3668,0
cell_809,0
cell_2529,0
cell_9565,0
cell_9275,0
cell_9769,0
cell_4811,0
cell_3870,0
cell_2265,0
cell_10363,1
cell_5941,0
cell_4287,3
cell_10785,3
cell_10071,0
cell_5156,0
cell_8851,3
cell_7215,0
cell_2227,0
cell_11919,3
cell_11620,3
cell_3642,0
cell_3939,0
cell_651,0
cell_3971,0
cell_2401,0
cell_9638,0
cell_4146,0
cell_1408,0
cell_11558,3
cell_5875,0
cell_4878,0
cell_10463,3
cell_10233,1
cell_6039,0
cell_5888,0
cell_862,0
cell_3171,0
cell_10875,3
cell_2988,0
cell_589,0
cell_3253,0
cell_10479,3
cell_3603,0
cell_1835,0
cell_11099,2
cell_4121,0
cell_12095,3
cell_4817,0
cell_5953,0
cell_855,0
cell_7919,0
cell_9436,0
cell_9284,0
cell_966,0
cell_7060,0
cell_8757,0
cell_9047,0
cell_7815,0
cell_3508,0
cell_10165,0
cell_10287,3
cell_1214,0
cell_4026,0
cell_5159,0
cell_9142,0
cell_3064,0
cell_4901,0
cell_1332,0
cell_2675,0
cell_1662,0
cell_11018,1
cell_4881,0
cell_7550,0
cell_783,0
cell_11340,3
cell_7262,0
cell_3749,0
cell_3200,0
cell_5207,0
cell_2440,0
cell_10309,3
cell_10876,3
cell_5321,0
cell_8579,3
cell_5611,0
cell_2487,0
cell_3867,0
cell_2370,0
cell_2925,0
cell_5202,0
cell_10020,0
cell_12104,1
cell_8362,0
cell_2718,0
cell_7781,0
cell_5467,0
cell_8681,0
cell_3537,0
cell_3722,0
cell_979,0
cell_4911,0
cell_2783,0
cell_4086,0
cell_6386,0
cell_3103,0
cell_2629,0
cell_440,0
cell_4480,0
cell_2721,0
cell_2921,0
cell_8596,0
cell_9923,0
cell_12037,1
cell_5958,0
cell_3017,0
cell_6699,0
cell_10561,3
cell_996,0
cell_4952,0
cell_10417,3
cell_1697,0
cell_7838,0
cell_5788,0
cell_11260,3
cell_5388,0
cell_6248,0
cell_12224,3
cell_3248,0
cell_3624,0
cell_7598,0
cell_3506,0
cell_2848,0
cell_2846,0
cell_11944,3
cell_5825,0
cell_8297,0
cell_4601,0
cell_11632,1
cell_7151,0
cell_8968,0
cell_2517,0
cell_10822,3
cell_2138,0
cell_1391,0
cell_5069,0
cell_7149,0
cell_1480,0
cell_178,0
cell_8708,0
cell_11562,3
cell_11243,3
cell_8659,0
cell_11869,3
cell_5449,0
cell_63,0
cell_3500,0
cell_2666,0
cell_6583,0
cell_11075,3
cell_10368,1
cell_10311,3
cell_1962,0
cell_11259,3
cell_1173,0
cell_4851,0
cell_2000,0
cell_5693,0
cell_5856,0
cell_7349,0
cell_5274,0
cell_7953,0
cell_1077,0
cell_12045,1
cell_8022,0
cell_7496,0
cell_1386,0
cell_833,0
cell_5010,0
cell_3763,0
cell_10418,3
cell_8415,0
cell_786,0
cell_605,0
cell_8564,0
cell_12127,3
cell_7325,0
cell_9761,0
cell_5376,0
cell_7939,0
cell_8652,0
cell_203,0
cell_3417,0
cell_5627,0
cell_1236,0
cell_12148,1
cell_4751,0
cell_11951,3
cell_8506,0
cell_6443,0
cell_6149,0
cell_3926,0
cell_7205,0
cell_566,0
cell_11719,3
cell_4692,0
cell_509,0
cell_6718,0
cell_7408,0
cell_6403,0
cell_7053,0
cell_7504,3
cell_7087,0
cell_11497,2
cell_11789,3
cell_5016,0
cell_6912,0
cell_9880,0
cell_7353,0
cell_3933,0
cell_7895,0
cell_10028,0
cell_6776,0
cell_8487,0
cell_12082,1
cell_7375,0
cell_4715,0
cell_8951,0
cell_8728,0
cell_4239,0
cell_2116,0
cell_3340,0
cell_3983,0
cell_11717,1
cell_10237,3
cell_9709,0
cell_12191,3
cell_5418,0
cell_10792,3
cell_3143,0
cell_4049,0
cell_1288,0
cell_11204,3
cell_1132,0
cell_3677,0
cell_11878,3
cell_12279,3
cell_5145,3
cell_1588,0
cell_9571,0
cell_5447,0
cell_9635,0
cell_11162,3
cell_7890,0
cell_5845,0
cell_6253,0
cell_6460,0
cell_8669,0
cell_7566,0
cell_9712,0
cell_2998,0
cell_11380,1
cell_7273,0
cell_12156,1
cell_8903,0
cell_3564,0
cell_10181,0
cell_2080,0
cell_3040,0
cell_3239,0
cell_7548,0
cell_3791,0
cell_9958,0
cell_11695,3
cell_10072,0
cell_7358,0
cell_8845,0
cell_7132,0
cell_12233,1
cell_7882,0
cell_6540,0
cell_10944,3
cell_11747,3
cell_8518,0
cell_3823,0
cell_4351,0
cell_1562,0
cell_2423,0
cell_5427,0
cell_861,0
cell_109,0
cell_3445,0
cell_634,0
cell_1171,0
cell_12205,1
cell_987,0
cell_10577,3
cell_7960,0
cell_6729,0
cell_385,0
cell_4989,0
cell_2249,0
cell_3308,0
cell_2159,0
cell_8490,0
cell_4393,0
cell_2962,0
cell_1894,0
cell_1283,0
cell_3410,0
cell_8209,0
cell_9155,0
cell_3075,0
cell_9859,0
cell_5929,0
cell_8446,0
cell_4630,0
cell_10570,3
cell_2309,0
cell_1401,0
cell_455,0
cell_1161,0
cell_11509,3
cell_9575,0
cell_2315,0
cell_1823,0
cell_11638,3
cell_11455,1
cell_3640,0
cell_4621,0
cell_10630,3
cell_10704,3
cell_4637,0
cell_6750,0
cell_9345,0
cell_8802,0
cell_930,0
cell_9935,0
cell_4866,0
cell_264,0
cell_1582,0
cell_11679,3
cell_8137,0
cell_9683,0
cell_11669,3
cell_3953,0
cell_857,0
cell_50,0
cell_466,0
cell_6688,0
cell_8648,0
cell_4314,0
cell_827,0
cell_595,0
cell_8625,0
cell_11383,3
cell_2232,0
cell_10102,0
cell_8997,0
cell_1409,0
cell_3600,0
cell_4868,0
cell_2451,0
cell_332,0
cell_5578,0
cell_11656,3
cell_11331,3
cell_4597,0
cell_819,0
cell_5657,0
cell_1057,0
cell_10986,3
cell_4595,0
cell_8825,0
cell_903,0
cell_11548,3
cell_3207,0
cell_7597,0
cell_230,0
cell_8977,0
cell_3487,0
cell_11031,2
cell_11696,3
cell_1454,0
cell_10016,0
cell_6810,0
cell_1125,0
cell_9212,0
cell_1061,0
cell_8244,0
cell_1370,0
cell_1964,0
cell_5172,0
cell_8636,0
cell_3371,0
cell_4420,0
cell_3794,0
cell_2361,0
cell_11338,3
cell_9577,0
cell_11324,3
cell_7612,0
cell_11585,3
cell_3163,0
cell_2337,0
cell_6813,0
cell_1011,0
cell_7575,0
cell_3480,0
cell_10039,0
cell_11133,3
cell_2731,0
cell_3447,0
cell_8961,0
cell_3691,0
cell_11054,3
cell_9168,0
cell_8502,0
cell_7898,0
cell_7531,0
cell_4918,0
cell_2614,0
cell_11493,3
cell_2215,0
cell_519,0
cell_1673,0
cell_1809,0
cell_887,0
cell_10431,3
cell_10892,3
cell_9291,0
cell_7062,0
cell_6264,0
cell_2097,0
cell_3380,0
cell_3353,0
cell_3047,0
cell_10940,3
cell_2788,0
cell_9829,0
cell_6393,0
cell_6471,0
cell_5864,0
cell_568,0
cell_584,0
cell_6379,0
cell_6584,0
cell_6124,0
cell_8458,0
cell_3844,0
cell_35,0
cell_11483,3
cell_11283,3
cell_6486,0
cell_1222,0
cell_1485,0
cell_1808,0
cell_9264,0
cell_3714,0
cell_4290,0
cell_2952,0
cell_5712,0
cell_5225,0
cell_3752,0
cell_10511,3
cell_8897,0
cell_4196,0
cell_3027,0
cell_1330,0
cell_9408,0
cell_1082,0
cell_3869,0
cell_6219,0
cell_8139,0
cell_973,0
cell_2676,0
cell_964,0
cell_4741,0
cell_512,0
cell_22,0
cell_9790,0
cell_11306,1
cell_10460,3
cell_3234,0
cell_6097,0
cell_8685,0
cell_9444,0
cell_3081,0
cell_6507,0
cell_11922,3
cell_10789,3
cell_11495,1
cell_7620,0
cell_11765,3
cell_8086,0
cell_7969,0
cell_11215,3
cell_9234,0
cell_8729,1
cell_874,0
cell_9405,0
cell_4170,0
cell_1571,0
cell_8247,0
cell_2134,0
cell_1579,0
cell_8505,0
cell_12221,1
cell_2144,0
cell_3573,0
cell_12177,3
cell_9506,0
cell_10392,3
cell_1889,2
cell_9951,0
cell_12094,2
cell_3100,0
cell_2323,0
cell_1001,0
cell_6956,0
cell_6941,0
cell_9154,0
cell_10286,3
cell_8301,0
cell_10758,3
cell_7883,0
cell_10013,0
cell_6087,0
cell_4801,0
cell_5528,0
cell_9912,0
cell_2081,0
cell_9883,0
cell_3485,0
cell_10427,3
cell_11917,3
cell_11136,3
cell_3571,0
cell_5992,0
cell_3058,0
cell_9508,0
cell_10124,0
cell_11610,3
cell_4111,0
cell_3186,0
cell_9591,0
cell_8889,0
cell_2996,0
cell_1086,0
cell_5780,0
cell_9007,0
cell_6620,0
cell_12185,1
cell_3651,0
cell_6413,0
cell_4967,0
cell_6538,0
cell_11707,1
cell_1675,0
cell_3216,0
cell_6886,0
cell_6362,0
cell_3051,0
cell_3082,0
cell_9536,0
cell_10756,3
cell_11570,1
cell_8713,0
cell_10862,3
cell_7583,0
cell_3780,0
cell_8592,0
cell_5377,0
cell_5989,0
cell_12033,1
cell_3024,0
cell_1486,0
cell_2634,0
cell_2094,0
cell_3140,0
cell_11393,1
cell_1193,0
cell_10197,0
cell_10276,3
cell_4900,0
cell_5414,0
cell_5797,0
cell_8347,0
cell_166,0
cell_10850,3
cell_2857,0
cell_5843,0
cell_3116,0
cell_12228,3
cell_4104,0
cell_4339,0
cell_453,0
cell_2525,0
cell_7645,0
cell_2994,0
cell_2,0
cell_11737,3
cell_11290,3
cell_9948,0
cell_7368,0
cell_48,0
cell_5071,0
cell_12112,3
cell_10788,1
cell_10213,1
cell_11387,2
cell_1277,0
cell_9533,0
cell_2123,0
cell_8565,0
cell_6954,0
cell_7833,0
cell_10500,3
cell_6784,0
cell_3212,0
cell_2049,0
cell_4193,0
cell_1258,0
cell_4661,0
cell_6384,0
cell_10166,0
cell_8229,0
cell_8539,0
cell_8957,0
cell_12083,1
cell_4518,0
cell_7148,0
cell_2686,0
cell_4827,0
cell_3247,0
cell_2873,0
cell_3369,0
cell_12151,1
cell_5126,0
cell_967,0
cell_7976,0
cell_2729,0
cell_9087,0
cell_2849,0
cell_1090,3
cell_8722,0
cell_7099,0
cell_8720,0
cell_5839,0
cell_1576,0
cell_2182,0
cell_3145,0
cell_9581,0
cell_1859,0
cell_9031,0
cell_6490,0
cell_5594,0
cell_534,0
cell_12115,3
cell_7863,0
cell_9610,0
cell_3721,0
cell_4837,0
cell_553,0
cell_4098,0
cell_3087,0
cell_4117,0
cell_582,0
cell_12182,1
cell_2238,0
cell_2753,0
cell_1613,3
cell_132,0
cell_1317,0
cell_1741,0
cell_3262,0
cell_9871,0
cell_7278,0
cell_10845,3
cell_11227,3
cell_9673,0
cell_10474,3
cell_8407,0
cell_5914,0
cell_5121,0
cell_8585,0
cell_10984,3
cell_6946,0
cell_11687,3
cell_3374,0
cell_7101,0
cell_9910,0
cell_6061,2
cell_5127,0
cell_8332,0
